order_id,payment_method,payment_status
1,Card,Success
2,Cash,Success
3,Wallet,Success
4,Cash,Success
5,UPI,Success
6,Wallet,Success
7,Wallet,Success
8,UPI,Success
9,Wallet,Success
10,Cash,Success
11,Cash,Success
12,Card,Success
13,UPI,Success
14,Wallet,Success
15,Wallet,Failed
16,Wallet,Success
17,Cash,Success
18,UPI,Success
19,Cash,Success
20,Wallet,Success
21,Cash,Success
22,Wallet,Success
23,Wallet,Success
24,Cash,Success
25,Wallet,Failed
26,Cash,Success
27,Card,Failed
28,Cash,Success
29,Card,Success
30,Card,Success
31,Cash,Success
32,UPI,Success
33,UPI,Success
34,Cash,Success
35,Cash,Success
36,Wallet,Success
37,Wallet,Success
38,Cash,Success
39,UPI,Success
40,Wallet,Success
41,Wallet,Success
42,UPI,Success
43,Cash,Success
44,UPI,Success
45,Card,Success
46,Wallet,Success
47,Wallet,Success
48,Wallet,Success
49,UPI,Failed
50,UPI,Success
51,Cash,Success
52,Wallet,Success
53,Card,Success
54,Cash,Success
55,UPI,Success
56,Card,Success
57,Cash,Success
58,UPI,Success
59,Card,Success
60,Cash,Success
61,Card,Success
62,UPI,Success
63,Cash,Success
64,UPI,Failed
65,Wallet,Success
66,Wallet,Success
67,Card,Success
68,Wallet,Success
69,UPI,Success
70,Card,Success
71,Cash,Success
72,UPI,Success
73,Cash,Success
74,Cash,Success
75,Cash,Success
76,Cash,Success
77,UPI,Failed
78,Wallet,Success
79,UPI,Success
80,Wallet,Success
81,Cash,Failed
82,Wallet,Failed
83,Cash,Success
84,Card,Success
85,Cash,Success
86,Wallet,Failed
87,Card,Success
88,Card,Success
89,Cash,Failed
90,UPI,Success
91,Wallet,Success
92,Card,Success
93,UPI,Success
94,Cash,Success
95,Cash,Success
96,Cash,Success
97,Cash,Success
98,Wallet,Success
99,Card,Failed
100,Wallet,Success
101,Card,Success
102,UPI,Success
103,UPI,Success
104,Card,Failed
105,Cash,Success
106,UPI,Success
107,Wallet,Success
108,Card,Success
109,UPI,Success
110,Card,Success
111,Cash,Success
112,Card,Success
113,UPI,Success
114,Card,Failed
115,UPI,Success
116,UPI,Success
117,UPI,Failed
118,Wallet,Success
119,Cash,Success
120,Cash,Success
121,Card,Success
122,Card,Success
123,UPI,Failed
124,Cash,Success
125,Card,Success
126,Card,Success
127,Cash,Success
128,UPI,Success
129,Card,Success
130,UPI,Success
131,Cash,Success
132,Cash,Success
133,Card,Success
134,Card,Success
135,Cash,Success
136,UPI,Failed
137,UPI,Success
138,Wallet,Success
139,Cash,Success
140,Card,Success
141,Cash,Success
142,Card,Success
143,UPI,Success
144,Card,Success
145,Wallet,Success
146,UPI,Success
147,Wallet,Success
148,Cash,Success
149,Card,Success
150,UPI,Success
151,Card,Success
152,Wallet,Success
153,UPI,Success
154,Wallet,Failed
155,UPI,Failed
156,Cash,Success
157,Cash,Success
158,Card,Success
159,Wallet,Success
160,Wallet,Success
161,UPI,Success
162,Cash,Success
163,Card,Failed
164,Cash,Failed
165,Wallet,Success
166,Card,Success
167,Cash,Success
168,Cash,Success
169,UPI,Success
170,UPI,Success
171,Wallet,Success
172,Cash,Success
173,UPI,Success
174,Cash,Failed
175,Card,Success
176,Cash,Success
177,Cash,Success
178,Wallet,Success
179,Card,Failed
180,Card,Success
181,UPI,Success
182,Card,Success
183,Wallet,Failed
184,UPI,Success
185,Cash,Success
186,Card,Success
187,Cash,Success
188,UPI,Success
189,Card,Success
190,UPI,Success
191,UPI,Success
192,Card,Success
193,Card,Success
194,UPI,Success
195,Wallet,Success
196,Card,Success
197,UPI,Success
198,Cash,Success
199,Cash,Success
200,Card,Success
201,Card,Success
202,Cash,Success
203,UPI,Success
204,UPI,Success
205,UPI,Success
206,Wallet,Success
207,Card,Success
208,Wallet,Success
209,Wallet,Success
210,Wallet,Success
211,Wallet,Failed
212,UPI,Success
213,Card,Failed
214,Card,Success
215,Wallet,Success
216,Card,Success
217,Cash,Success
218,UPI,Success
219,Card,Success
220,UPI,Success
221,Cash,Success
222,UPI,Success
223,Cash,Success
224,Wallet,Success
225,Card,Failed
226,Wallet,Success
227,Card,Success
228,Wallet,Success
229,Cash,Success
230,Card,Success
231,Wallet,Success
232,UPI,Success
233,UPI,Success
234,Wallet,Success
235,Cash,Failed
236,Wallet,Success
237,UPI,Failed
238,Card,Success
239,Card,Failed
240,Wallet,Success
241,Card,Success
242,UPI,Success
243,Card,Success
244,Wallet,Success
245,Wallet,Success
246,Wallet,Success
247,UPI,Success
248,Cash,Success
249,Card,Success
250,Wallet,Success
251,Cash,Success
252,Wallet,Success
253,Wallet,Success
254,UPI,Success
255,UPI,Success
256,Cash,Success
257,Wallet,Success
258,Card,Success
259,Card,Success
260,Card,Success
261,Cash,Success
262,UPI,Success
263,Cash,Success
264,UPI,Success
265,Card,Success
266,Card,Success
267,UPI,Success
268,Card,Success
269,Cash,Success
270,UPI,Success
271,Card,Failed
272,Wallet,Failed
273,Card,Success
274,Wallet,Success
275,Card,Success
276,Wallet,Success
277,Card,Success
278,Wallet,Success
279,UPI,Failed
280,UPI,Success
281,Wallet,Success
282,Card,Success
283,Cash,Success
284,Cash,Success
285,Cash,Success
286,Cash,Success
287,Wallet,Success
288,UPI,Success
289,UPI,Success
290,Cash,Success
291,UPI,Success
292,Wallet,Success
293,Cash,Success
294,Wallet,Success
295,Wallet,Success
296,Card,Success
297,Wallet,Failed
298,Card,Success
299,Cash,Success
300,Wallet,Success
301,UPI,Success
302,Cash,Success
303,Wallet,Success
304,Wallet,Success
305,UPI,Success
306,Card,Success
307,Wallet,Success
308,Wallet,Success
309,UPI,Failed
310,Cash,Success
311,Wallet,Failed
312,Card,Success
313,Card,Success
314,UPI,Success
315,Card,Success
316,Wallet,Success
317,Card,Success
318,Wallet,Success
319,UPI,Success
320,Card,Success
321,Wallet,Success
322,Cash,Success
323,Wallet,Failed
324,Wallet,Success
325,UPI,Success
326,Wallet,Success
327,UPI,Success
328,Wallet,Success
329,Wallet,Success
330,Wallet,Success
331,UPI,Success
332,Wallet,Success
333,UPI,Success
334,Cash,Success
335,UPI,Success
336,Cash,Success
337,UPI,Success
338,UPI,Success
339,Wallet,Success
340,Card,Success
341,Card,Success
342,Wallet,Success
343,Cash,Success
344,Wallet,Success
345,Card,Success
346,UPI,Success
347,Wallet,Success
348,Cash,Failed
349,Wallet,Success
350,Card,Success
351,UPI,Success
352,Card,Success
353,Card,Success
354,Card,Success
355,Card,Success
356,UPI,Success
357,Card,Failed
358,Cash,Failed
359,Cash,Success
360,Card,Success
361,Cash,Success
362,Card,Success
363,UPI,Success
364,UPI,Success
365,Cash,Success
366,Cash,Failed
367,Card,Success
368,Wallet,Success
369,Card,Success
370,Card,Success
371,UPI,Success
372,Wallet,Success
373,Wallet,Failed
374,Card,Success
375,UPI,Success
376,Cash,Success
377,UPI,Success
378,Cash,Success
379,UPI,Success
380,Wallet,Success
381,UPI,Success
382,Card,Success
383,Cash,Success
384,UPI,Failed
385,UPI,Success
386,Cash,Success
387,UPI,Success
388,Cash,Success
389,Wallet,Success
390,Cash,Success
391,Cash,Success
392,Wallet,Success
393,UPI,Success
394,UPI,Success
395,Wallet,Success
396,Card,Success
397,Cash,Success
398,UPI,Success
399,UPI,Success
400,Cash,Success
401,Cash,Success
402,Cash,Success
403,Card,Success
404,Wallet,Success
405,Card,Success
406,Card,Success
407,Cash,Success
408,Wallet,Success
409,UPI,Failed
410,Cash,Success
411,Wallet,Success
412,UPI,Success
413,Card,Success
414,Wallet,Success
415,Card,Success
416,Card,Success
417,Wallet,Success
418,UPI,Success
419,Wallet,Success
420,UPI,Success
421,Cash,Success
422,Cash,Success
423,Cash,Success
424,Card,Success
425,Cash,Success
426,Card,Success
427,UPI,Success
428,Wallet,Success
429,Wallet,Success
430,Card,Success
431,Card,Success
432,Card,Success
433,UPI,Success
434,UPI,Success
435,Cash,Failed
436,Cash,Success
437,Wallet,Success
438,Cash,Success
439,UPI,Failed
440,UPI,Success
441,UPI,Success
442,UPI,Failed
443,Wallet,Success
444,Wallet,Success
445,UPI,Success
446,Card,Success
447,Cash,Success
448,Wallet,Success
449,Card,Success
450,Cash,Success
451,Card,Success
452,UPI,Success
453,Cash,Success
454,Card,Success
455,Wallet,Success
456,Wallet,Success
457,Wallet,Success
458,Cash,Success
459,UPI,Failed
460,UPI,Success
461,Cash,Success
462,Cash,Success
463,UPI,Success
464,Wallet,Success
465,UPI,Failed
466,UPI,Success
467,Card,Success
468,Wallet,Failed
469,Cash,Success
470,UPI,Success
471,Wallet,Success
472,Cash,Success
473,Card,Success
474,Card,Success
475,Wallet,Success
476,UPI,Success
477,Cash,Success
478,Wallet,Success
479,Card,Failed
480,Cash,Success
481,Cash,Success
482,UPI,Success
483,Card,Success
484,Card,Failed
485,Card,Success
486,Cash,Success
487,Card,Success
488,Wallet,Success
489,Card,Success
490,Cash,Success
491,Card,Success
492,Card,Success
493,Cash,Success
494,Card,Success
495,UPI,Success
496,Cash,Success
497,Card,Success
498,UPI,Success
499,Wallet,Success
500,Cash,Success
501,Card,Success
502,Cash,Success
503,UPI,Success
504,Cash,Success
505,Wallet,Success
506,Card,Success
507,Wallet,Success
508,UPI,Success
509,Cash,Success
510,Card,Success
511,Card,Success
512,UPI,Success
513,UPI,Success
514,Cash,Success
515,Card,Success
516,UPI,Success
517,Card,Success
518,Cash,Success
519,Wallet,Success
520,UPI,Success
521,Cash,Success
522,Wallet,Success
523,Cash,Success
524,UPI,Success
525,Cash,Success
526,Card,Success
527,UPI,Success
528,Card,Failed
529,Cash,Success
530,UPI,Success
531,Card,Success
532,Card,Success
533,Card,Success
534,Wallet,Success
535,Card,Success
536,Card,Success
537,Cash,Success
538,Cash,Success
539,Cash,Success
540,Cash,Success
541,Wallet,Success
542,Cash,Success
543,Cash,Success
544,Cash,Success
545,Card,Success
546,Wallet,Success
547,Cash,Success
548,Card,Success
549,UPI,Success
550,Wallet,Success
551,Cash,Success
552,Card,Success
553,UPI,Success
554,UPI,Success
555,Card,Success
556,Card,Success
557,Wallet,Success
558,Card,Success
559,Cash,Success
560,UPI,Success
561,Cash,Success
562,Cash,Success
563,Cash,Success
564,UPI,Success
565,UPI,Success
566,UPI,Success
567,Card,Success
568,Cash,Success
569,Wallet,Success
570,Card,Success
571,Card,Success
572,Wallet,Success
573,Cash,Success
574,Wallet,Success
575,UPI,Success
576,Cash,Success
577,Card,Success
578,UPI,Success
579,UPI,Success
580,Card,Success
581,Wallet,Success
582,UPI,Success
583,UPI,Success
584,Cash,Success
585,Cash,Success
586,Card,Success
587,Card,Success
588,Card,Success
589,Wallet,Success
590,UPI,Success
591,Card,Success
592,Cash,Success
593,UPI,Success
594,Card,Success
595,UPI,Success
596,UPI,Success
597,UPI,Failed
598,Card,Success
599,UPI,Success
600,UPI,Success
601,UPI,Success
602,Cash,Success
603,Card,Failed
604,Wallet,Success
605,Cash,Success
606,UPI,Success
607,UPI,Success
608,Wallet,Success
609,Wallet,Success
610,Cash,Success
611,UPI,Success
612,Wallet,Success
613,Cash,Success
614,Wallet,Failed
615,UPI,Success
616,UPI,Success
617,UPI,Success
618,UPI,Success
619,Card,Success
620,Card,Success
621,Card,Success
622,Cash,Success
623,Cash,Success
624,Wallet,Success
625,Wallet,Success
626,Cash,Success
627,Wallet,Success
628,Cash,Success
629,Card,Success
630,Cash,Success
631,Cash,Success
632,Wallet,Success
633,Wallet,Success
634,Cash,Success
635,UPI,Success
636,Wallet,Success
637,Cash,Success
638,Wallet,Success
639,UPI,Failed
640,Wallet,Success
641,Cash,Success
642,Cash,Success
643,UPI,Failed
644,Cash,Success
645,UPI,Failed
646,Cash,Success
647,Cash,Success
648,Wallet,Success
649,Wallet,Success
650,UPI,Success
651,Wallet,Failed
652,Card,Success
653,UPI,Success
654,Card,Failed
655,UPI,Success
656,Card,Success
657,Wallet,Success
658,Wallet,Success
659,Cash,Success
660,Card,Success
661,Cash,Success
662,UPI,Failed
663,Card,Success
664,Cash,Success
665,UPI,Failed
666,Card,Success
667,Cash,Success
668,Card,Success
669,Card,Success
670,Cash,Success
671,Wallet,Success
672,Wallet,Success
673,Cash,Success
674,UPI,Success
675,Cash,Success
676,Cash,Failed
677,Card,Success
678,Wallet,Success
679,Wallet,Success
680,Wallet,Success
681,Wallet,Success
682,Cash,Success
683,Card,Success
684,Wallet,Success
685,Wallet,Success
686,Card,Failed
687,Cash,Success
688,Cash,Success
689,Cash,Success
690,Wallet,Success
691,Wallet,Success
692,Wallet,Success
693,Cash,Success
694,Wallet,Success
695,UPI,Success
696,Card,Success
697,UPI,Success
698,UPI,Success
699,Wallet,Success
700,Card,Success
701,UPI,Success
702,Cash,Success
703,Cash,Success
704,Cash,Success
705,Cash,Success
706,Card,Success
707,Cash,Success
708,Card,Success
709,Card,Success
710,Card,Success
711,Card,Success
712,Wallet,Success
713,UPI,Success
714,Wallet,Success
715,UPI,Success
716,Wallet,Success
717,Cash,Failed
718,Card,Success
719,Cash,Success
720,Cash,Success
721,Cash,Success
722,Wallet,Success
723,Cash,Success
724,Card,Success
725,Card,Success
726,UPI,Failed
727,Wallet,Success
728,Card,Success
729,Card,Success
730,Wallet,Success
731,Cash,Success
732,Card,Success
733,Cash,Success
734,Card,Success
735,UPI,Success
736,Cash,Success
737,Card,Success
738,Wallet,Success
739,Wallet,Success
740,Wallet,Success
741,Card,Success
742,Cash,Success
743,UPI,Success
744,UPI,Success
745,Card,Success
746,Card,Success
747,Card,Failed
748,Cash,Failed
749,Wallet,Failed
750,Cash,Success
751,Cash,Failed
752,Card,Success
753,UPI,Success
754,Cash,Failed
755,UPI,Failed
756,Card,Success
757,Cash,Success
758,Wallet,Success
759,Wallet,Success
760,Cash,Success
761,Wallet,Success
762,Cash,Success
763,Wallet,Success
764,Card,Success
765,Wallet,Failed
766,Wallet,Success
767,Card,Success
768,Card,Success
769,Wallet,Success
770,UPI,Success
771,UPI,Success
772,Cash,Failed
773,Wallet,Success
774,Cash,Success
775,Card,Success
776,Wallet,Success
777,Card,Success
778,Wallet,Success
779,Wallet,Success
780,Card,Success
781,Wallet,Success
782,Wallet,Success
783,Cash,Failed
784,Card,Success
785,UPI,Success
786,UPI,Success
787,Wallet,Success
788,Cash,Success
789,Wallet,Success
790,Cash,Success
791,Wallet,Success
792,UPI,Success
793,Card,Success
794,Cash,Success
795,Wallet,Failed
796,Wallet,Success
797,Cash,Success
798,Cash,Success
799,UPI,Success
800,Cash,Success
801,Wallet,Success
802,UPI,Failed
803,UPI,Success
804,Card,Success
805,Card,Success
806,Card,Success
807,Cash,Success
808,UPI,Success
809,Cash,Success
810,UPI,Failed
811,Wallet,Success
812,Cash,Success
813,UPI,Failed
814,Card,Success
815,Card,Success
816,Wallet,Success
817,Cash,Failed
818,UPI,Success
819,Card,Success
820,UPI,Success
821,Cash,Success
822,Card,Success
823,Wallet,Success
824,Wallet,Failed
825,Cash,Success
826,Cash,Success
827,UPI,Success
828,Wallet,Success
829,Cash,Failed
830,Cash,Success
831,Wallet,Success
832,UPI,Success
833,UPI,Success
834,Wallet,Success
835,Wallet,Success
836,Wallet,Success
837,Wallet,Success
838,Wallet,Success
839,Cash,Success
840,Card,Success
841,Wallet,Success
842,Card,Success
843,UPI,Failed
844,Cash,Success
845,Card,Success
846,UPI,Success
847,UPI,Success
848,UPI,Success
849,Wallet,Success
850,Cash,Success
851,UPI,Success
852,Wallet,Success
853,Card,Success
854,Cash,Success
855,Card,Success
856,Card,Failed
857,Wallet,Success
858,Card,Success
859,Cash,Success
860,Card,Success
861,Wallet,Success
862,UPI,Success
863,Wallet,Success
864,UPI,Success
865,Card,Success
866,UPI,Failed
867,Wallet,Success
868,Wallet,Success
869,Cash,Success
870,Cash,Success
871,UPI,Success
872,UPI,Success
873,Cash,Failed
874,Card,Success
875,Cash,Success
876,Card,Success
877,UPI,Success
878,UPI,Success
879,Wallet,Success
880,Wallet,Failed
881,Card,Success
882,Card,Success
883,Cash,Failed
884,Card,Success
885,UPI,Success
886,UPI,Success
887,UPI,Success
888,Wallet,Success
889,Card,Success
890,Card,Success
891,Wallet,Success
892,Wallet,Failed
893,Wallet,Success
894,UPI,Success
895,Card,Success
896,Cash,Success
897,Cash,Success
898,Card,Success
899,Card,Success
900,Wallet,Success
901,Wallet,Success
902,UPI,Success
903,Wallet,Success
904,Card,Success
905,UPI,Success
906,Cash,Success
907,Card,Success
908,Cash,Success
909,Card,Failed
910,Card,Success
911,UPI,Success
912,UPI,Success
913,Wallet,Success
914,Card,Success
915,Card,Failed
916,UPI,Success
917,Cash,Success
918,Wallet,Success
919,Card,Success
920,UPI,Success
921,Card,Success
922,UPI,Failed
923,Wallet,Success
924,Cash,Success
925,Card,Success
926,Card,Success
927,Wallet,Success
928,Cash,Success
929,Card,Failed
930,Wallet,Success
931,Card,Success
932,Card,Success
933,Wallet,Success
934,Wallet,Success
935,UPI,Success
936,UPI,Success
937,Card,Success
938,Wallet,Success
939,Cash,Failed
940,Cash,Success
941,Card,Failed
942,UPI,Failed
943,Wallet,Failed
944,Wallet,Failed
945,UPI,Success
946,Wallet,Success
947,Card,Success
948,Wallet,Success
949,Wallet,Success
950,UPI,Success
951,UPI,Success
952,Cash,Success
953,Card,Failed
954,UPI,Success
955,UPI,Success
956,UPI,Success
957,Wallet,Success
958,Card,Success
959,Card,Success
960,Wallet,Success
961,Wallet,Success
962,UPI,Success
963,Cash,Success
964,Cash,Success
965,Card,Success
966,Cash,Failed
967,UPI,Success
968,Wallet,Success
969,Card,Failed
970,Card,Failed
971,Wallet,Success
972,Cash,Success
973,Card,Success
974,Wallet,Success
975,Wallet,Success
976,Cash,Success
977,Cash,Success
978,UPI,Success
979,Cash,Success
980,Cash,Failed
981,Wallet,Success
982,Card,Success
983,Wallet,Success
984,UPI,Success
985,Wallet,Success
986,UPI,Success
987,Cash,Success
988,Card,Success
989,Card,Success
990,Wallet,Success
991,Card,Success
992,UPI,Success
993,UPI,Success
994,Cash,Success
995,Wallet,Success
996,Cash,Success
997,Card,Success
998,Cash,Success
999,Card,Success
1000,UPI,Success
1001,Wallet,Failed
1002,Wallet,Success
1003,Cash,Success
1004,Card,Failed
1005,UPI,Success
1006,Card,Success
1007,Cash,Success
1008,Card,Success
1009,UPI,Success
1010,Cash,Success
1011,UPI,Success
1012,Cash,Success
1013,Wallet,Success
1014,Card,Success
1015,UPI,Success
1016,UPI,Success
1017,Card,Success
1018,UPI,Success
1019,UPI,Success
1020,UPI,Success
1021,Wallet,Failed
1022,UPI,Success
1023,Wallet,Success
1024,Card,Success
1025,Wallet,Success
1026,UPI,Success
1027,UPI,Success
1028,UPI,Success
1029,Wallet,Success
1030,Cash,Failed
1031,Cash,Success
1032,Card,Success
1033,Card,Success
1034,Card,Failed
1035,UPI,Success
1036,Cash,Success
1037,Cash,Failed
1038,Card,Success
1039,Cash,Success
1040,Card,Success
1041,UPI,Success
1042,Cash,Failed
1043,UPI,Success
1044,UPI,Success
1045,Cash,Success
1046,Wallet,Success
1047,Card,Success
1048,Cash,Success
1049,UPI,Success
1050,Card,Success
1051,UPI,Success
1052,Card,Success
1053,Cash,Success
1054,UPI,Success
1055,Card,Success
1056,Card,Failed
1057,Cash,Success
1058,Card,Success
1059,Card,Success
1060,UPI,Success
1061,Cash,Success
1062,Cash,Success
1063,UPI,Success
1064,Wallet,Success
1065,UPI,Success
1066,UPI,Success
1067,Wallet,Success
1068,Card,Success
1069,Cash,Success
1070,Cash,Success
1071,Wallet,Success
1072,Cash,Success
1073,Wallet,Success
1074,Card,Success
1075,Wallet,Success
1076,Cash,Success
1077,Cash,Success
1078,Wallet,Success
1079,Cash,Failed
1080,Wallet,Success
1081,Cash,Success
1082,UPI,Success
1083,Card,Failed
1084,Cash,Success
1085,Cash,Success
1086,Cash,Success
1087,Wallet,Success
1088,Cash,Success
1089,Wallet,Success
1090,Cash,Success
1091,UPI,Success
1092,UPI,Success
1093,Card,Success
1094,Wallet,Success
1095,Card,Success
1096,Cash,Success
1097,Cash,Success
1098,UPI,Success
1099,Card,Success
1100,Cash,Success
1101,Cash,Success
1102,Wallet,Success
1103,Cash,Success
1104,Card,Success
1105,UPI,Success
1106,UPI,Success
1107,Cash,Success
1108,Cash,Failed
1109,Cash,Success
1110,Wallet,Success
1111,Cash,Success
1112,Cash,Success
1113,Wallet,Success
1114,Card,Success
1115,Wallet,Success
1116,UPI,Success
1117,Wallet,Success
1118,Wallet,Success
1119,Card,Success
1120,Card,Success
1121,Cash,Success
1122,Wallet,Success
1123,Card,Success
1124,UPI,Success
1125,Cash,Success
1126,Wallet,Success
1127,UPI,Success
1128,Card,Success
1129,Cash,Success
1130,UPI,Success
1131,Wallet,Success
1132,UPI,Success
1133,Cash,Success
1134,Wallet,Success
1135,Wallet,Failed
1136,UPI,Failed
1137,Cash,Failed
1138,Wallet,Success
1139,Cash,Success
1140,Card,Success
1141,UPI,Success
1142,Cash,Success
1143,Card,Success
1144,Card,Success
1145,Cash,Success
1146,Cash,Success
1147,UPI,Success
1148,UPI,Success
1149,Wallet,Success
1150,UPI,Failed
1151,Cash,Success
1152,Wallet,Success
1153,Card,Success
1154,Card,Success
1155,Cash,Success
1156,Wallet,Success
1157,Wallet,Success
1158,UPI,Success
1159,Card,Success
1160,Card,Success
1161,UPI,Success
1162,Card,Failed
1163,UPI,Success
1164,Card,Success
1165,Card,Success
1166,Card,Success
1167,UPI,Success
1168,Card,Success
1169,Card,Failed
1170,Wallet,Success
1171,Card,Success
1172,Cash,Success
1173,Card,Failed
1174,Card,Success
1175,Wallet,Success
1176,Wallet,Success
1177,UPI,Success
1178,UPI,Success
1179,Cash,Success
1180,Wallet,Success
1181,UPI,Success
1182,UPI,Success
1183,UPI,Success
1184,Wallet,Success
1185,Wallet,Success
1186,Cash,Success
1187,Wallet,Success
1188,Wallet,Success
1189,Wallet,Success
1190,Cash,Success
1191,Card,Success
1192,Card,Success
1193,UPI,Success
1194,Card,Success
1195,Card,Success
1196,Cash,Success
1197,Cash,Success
1198,Card,Success
1199,Card,Success
1200,Card,Success
1201,UPI,Success
1202,Cash,Success
1203,Card,Success
1204,Wallet,Success
1205,Card,Success
1206,Wallet,Success
1207,UPI,Success
1208,Wallet,Success
1209,Cash,Success
1210,UPI,Success
1211,UPI,Success
1212,Card,Success
1213,UPI,Failed
1214,UPI,Success
1215,Wallet,Success
1216,Card,Success
1217,Cash,Success
1218,Card,Success
1219,Cash,Success
1220,Wallet,Failed
1221,UPI,Success
1222,UPI,Success
1223,Card,Success
1224,Card,Success
1225,Card,Failed
1226,UPI,Success
1227,UPI,Failed
1228,Wallet,Success
1229,Cash,Success
1230,Card,Success
1231,UPI,Success
1232,Cash,Success
1233,Card,Success
1234,Card,Success
1235,Cash,Failed
1236,Cash,Success
1237,Cash,Success
1238,UPI,Success
1239,Wallet,Success
1240,Card,Success
1241,Card,Failed
1242,Cash,Success
1243,UPI,Success
1244,Cash,Success
1245,UPI,Success
1246,Wallet,Success
1247,Card,Success
1248,Card,Success
1249,UPI,Success
1250,Wallet,Success
1251,Wallet,Success
1252,Card,Success
1253,Card,Success
1254,Cash,Success
1255,UPI,Success
1256,Card,Success
1257,Wallet,Success
1258,Wallet,Success
1259,Card,Success
1260,Wallet,Success
1261,UPI,Success
1262,Wallet,Success
1263,Wallet,Success
1264,Card,Success
1265,UPI,Success
1266,UPI,Success
1267,Cash,Success
1268,UPI,Success
1269,Cash,Failed
1270,Card,Success
1271,Wallet,Success
1272,UPI,Success
1273,Cash,Success
1274,UPI,Success
1275,Card,Success
1276,Cash,Success
1277,Cash,Success
1278,Cash,Success
1279,Card,Success
1280,Cash,Success
1281,Wallet,Success
1282,Card,Success
1283,Wallet,Success
1284,Wallet,Success
1285,Card,Success
1286,UPI,Success
1287,Wallet,Success
1288,Card,Success
1289,Wallet,Success
1290,Cash,Success
1291,Wallet,Success
1292,Wallet,Success
1293,Wallet,Success
1294,Cash,Success
1295,Wallet,Failed
1296,Card,Success
1297,Wallet,Success
1298,Card,Success
1299,Wallet,Success
1300,Wallet,Success
1301,Wallet,Success
1302,UPI,Success
1303,UPI,Success
1304,Cash,Success
1305,Card,Success
1306,Cash,Success
1307,Card,Success
1308,Cash,Success
1309,Cash,Success
1310,Wallet,Success
1311,Wallet,Failed
1312,Wallet,Success
1313,Wallet,Success
1314,Wallet,Success
1315,Cash,Success
1316,Card,Success
1317,UPI,Success
1318,UPI,Success
1319,Card,Success
1320,UPI,Failed
1321,Cash,Success
1322,Card,Success
1323,Card,Success
1324,UPI,Success
1325,UPI,Success
1326,Cash,Success
1327,Wallet,Success
1328,Card,Success
1329,Wallet,Success
1330,UPI,Success
1331,Card,Success
1332,Wallet,Success
1333,Cash,Failed
1334,Cash,Success
1335,Cash,Success
1336,Card,Success
1337,Card,Success
1338,Card,Failed
1339,Card,Success
1340,Card,Success
1341,Wallet,Success
1342,Wallet,Success
1343,Cash,Success
1344,Wallet,Success
1345,Wallet,Success
1346,Cash,Success
1347,Cash,Success
1348,UPI,Success
1349,Cash,Success
1350,Wallet,Success
1351,Card,Success
1352,Cash,Success
1353,UPI,Success
1354,Wallet,Success
1355,UPI,Success
1356,UPI,Success
1357,Wallet,Success
1358,UPI,Success
1359,Wallet,Success
1360,UPI,Success
1361,Card,Success
1362,Cash,Success
1363,Card,Success
1364,Card,Success
1365,UPI,Success
1366,Cash,Success
1367,Cash,Success
1368,Cash,Success
1369,UPI,Success
1370,Card,Success
1371,Wallet,Success
1372,Wallet,Success
1373,Wallet,Success
1374,Cash,Success
1375,Wallet,Success
1376,Card,Success
1377,Wallet,Failed
1378,Cash,Success
1379,Cash,Success
1380,Wallet,Success
1381,Cash,Success
1382,Wallet,Success
1383,Cash,Success
1384,UPI,Success
1385,UPI,Success
1386,Card,Success
1387,UPI,Success
1388,Wallet,Success
1389,Cash,Success
1390,Card,Failed
1391,Wallet,Success
1392,Wallet,Success
1393,Card,Success
1394,Card,Success
1395,Wallet,Success
1396,Cash,Success
1397,Wallet,Success
1398,Cash,Success
1399,Card,Success
1400,Wallet,Success
1401,UPI,Success
1402,Wallet,Success
1403,Cash,Success
1404,Wallet,Success
1405,Cash,Success
1406,UPI,Success
1407,Card,Success
1408,UPI,Success
1409,Cash,Success
1410,Card,Success
1411,Card,Success
1412,Wallet,Success
1413,UPI,Success
1414,Cash,Success
1415,Cash,Success
1416,Card,Success
1417,Wallet,Success
1418,Cash,Success
1419,Wallet,Success
1420,Card,Failed
1421,Card,Success
1422,Card,Success
1423,Wallet,Success
1424,Cash,Success
1425,UPI,Success
1426,Wallet,Success
1427,Card,Success
1428,UPI,Success
1429,UPI,Success
1430,UPI,Success
1431,UPI,Success
1432,UPI,Success
1433,Card,Success
1434,Cash,Success
1435,UPI,Success
1436,Cash,Success
1437,Cash,Success
1438,Wallet,Success
1439,Card,Success
1440,UPI,Success
1441,Cash,Success
1442,Wallet,Success
1443,Cash,Success
1444,UPI,Success
1445,Card,Success
1446,Card,Success
1447,UPI,Success
1448,Cash,Success
1449,Wallet,Success
1450,Card,Success
1451,Card,Success
1452,Cash,Success
1453,Cash,Success
1454,Cash,Success
1455,Wallet,Success
1456,Cash,Success
1457,Wallet,Success
1458,UPI,Success
1459,Wallet,Success
1460,Cash,Success
1461,Wallet,Success
1462,Wallet,Success
1463,Wallet,Success
1464,Card,Success
1465,Cash,Success
1466,Wallet,Success
1467,Cash,Success
1468,UPI,Success
1469,Wallet,Success
1470,Wallet,Failed
1471,UPI,Success
1472,Cash,Success
1473,UPI,Success
1474,UPI,Success
1475,UPI,Success
1476,UPI,Success
1477,Cash,Success
1478,Wallet,Failed
1479,UPI,Success
1480,UPI,Success
1481,Card,Success
1482,Cash,Success
1483,UPI,Success
1484,Card,Success
1485,UPI,Success
1486,Cash,Success
1487,Card,Success
1488,Card,Success
1489,Cash,Success
1490,Card,Success
1491,Card,Failed
1492,UPI,Success
1493,Card,Success
1494,Wallet,Success
1495,Cash,Success
1496,UPI,Success
1497,Card,Success
1498,Wallet,Success
1499,UPI,Success
1500,Cash,Success
1501,Card,Success
1502,Cash,Success
1503,Cash,Success
1504,Card,Success
1505,Card,Success
1506,UPI,Failed
1507,Cash,Success
1508,Card,Success
1509,Cash,Success
1510,Card,Failed
1511,Cash,Success
1512,UPI,Success
1513,Cash,Failed
1514,Card,Success
1515,Wallet,Success
1516,UPI,Success
1517,UPI,Success
1518,Wallet,Success
1519,Card,Failed
1520,UPI,Success
1521,Wallet,Success
1522,Wallet,Success
1523,Cash,Success
1524,Cash,Success
1525,Card,Success
1526,Wallet,Success
1527,Cash,Success
1528,Card,Success
1529,UPI,Success
1530,Cash,Success
1531,Card,Success
1532,Cash,Success
1533,UPI,Success
1534,UPI,Success
1535,Cash,Success
1536,UPI,Success
1537,Card,Success
1538,Cash,Success
1539,Cash,Success
1540,UPI,Success
1541,Card,Success
1542,Cash,Success
1543,Cash,Success
1544,UPI,Success
1545,UPI,Success
1546,Card,Failed
1547,Card,Success
1548,UPI,Success
1549,Card,Success
1550,Wallet,Success
1551,Wallet,Success
1552,UPI,Success
1553,Cash,Success
1554,UPI,Success
1555,UPI,Success
1556,UPI,Success
1557,Cash,Success
1558,Wallet,Success
1559,Card,Success
1560,Wallet,Success
1561,Card,Failed
1562,Card,Success
1563,UPI,Success
1564,UPI,Success
1565,Card,Failed
1566,Cash,Success
1567,Cash,Success
1568,Cash,Success
1569,Cash,Success
1570,UPI,Success
1571,Wallet,Success
1572,Wallet,Success
1573,Card,Failed
1574,Cash,Success
1575,UPI,Success
1576,UPI,Success
1577,UPI,Success
1578,Card,Success
1579,UPI,Success
1580,Card,Success
1581,Card,Success
1582,Card,Failed
1583,Card,Success
1584,UPI,Success
1585,UPI,Success
1586,Wallet,Success
1587,UPI,Success
1588,Cash,Success
1589,Cash,Success
1590,Card,Success
1591,Card,Success
1592,Card,Success
1593,Wallet,Success
1594,Card,Success
1595,Wallet,Success
1596,Card,Success
1597,Cash,Success
1598,Card,Success
1599,UPI,Success
1600,Card,Success
1601,UPI,Success
1602,UPI,Success
1603,UPI,Success
1604,UPI,Success
1605,Wallet,Success
1606,Wallet,Failed
1607,Card,Success
1608,Card,Success
1609,Wallet,Success
1610,Card,Failed
1611,Card,Success
1612,Wallet,Success
1613,Wallet,Failed
1614,Card,Success
1615,Wallet,Success
1616,Cash,Failed
1617,UPI,Success
1618,UPI,Success
1619,Cash,Success
1620,Cash,Success
1621,Card,Success
1622,Card,Success
1623,UPI,Success
1624,Card,Success
1625,UPI,Success
1626,Card,Success
1627,Card,Success
1628,UPI,Success
1629,Cash,Success
1630,Cash,Success
1631,Card,Success
1632,Cash,Success
1633,Card,Success
1634,Wallet,Success
1635,Wallet,Success
1636,Wallet,Success
1637,Cash,Success
1638,Cash,Success
1639,UPI,Success
1640,Cash,Success
1641,Card,Success
1642,UPI,Success
1643,Cash,Success
1644,UPI,Failed
1645,Cash,Success
1646,Card,Success
1647,Wallet,Success
1648,Wallet,Success
1649,Card,Success
1650,UPI,Failed
1651,Wallet,Success
1652,Cash,Success
1653,Cash,Success
1654,UPI,Success
1655,UPI,Failed
1656,Card,Success
1657,Wallet,Success
1658,UPI,Success
1659,Wallet,Success
1660,Wallet,Success
1661,Cash,Failed
1662,UPI,Success
1663,Card,Success
1664,UPI,Success
1665,Wallet,Success
1666,Cash,Failed
1667,UPI,Failed
1668,UPI,Success
1669,UPI,Success
1670,Card,Success
1671,Card,Success
1672,Card,Success
1673,Card,Success
1674,Cash,Success
1675,Cash,Success
1676,Card,Failed
1677,Wallet,Success
1678,Card,Success
1679,Card,Success
1680,Wallet,Success
1681,UPI,Success
1682,Wallet,Success
1683,Wallet,Success
1684,Cash,Success
1685,UPI,Success
1686,Wallet,Success
1687,Card,Success
1688,Wallet,Success
1689,Cash,Success
1690,Wallet,Success
1691,Card,Success
1692,UPI,Success
1693,Cash,Success
1694,UPI,Success
1695,Cash,Success
1696,Card,Success
1697,Cash,Success
1698,UPI,Success
1699,UPI,Success
1700,Wallet,Success
1701,UPI,Success
1702,Wallet,Success
1703,UPI,Success
1704,Wallet,Success
1705,Card,Success
1706,Wallet,Success
1707,UPI,Success
1708,Card,Success
1709,Cash,Failed
1710,UPI,Success
1711,Wallet,Success
1712,Cash,Success
1713,Wallet,Success
1714,Cash,Success
1715,Card,Success
1716,UPI,Failed
1717,Card,Success
1718,UPI,Success
1719,Cash,Success
1720,Card,Success
1721,UPI,Success
1722,Cash,Success
1723,Card,Success
1724,Card,Success
1725,Card,Success
1726,Card,Success
1727,Wallet,Success
1728,Cash,Success
1729,Wallet,Success
1730,Cash,Success
1731,Cash,Success
1732,Cash,Success
1733,UPI,Success
1734,Cash,Success
1735,Card,Success
1736,Wallet,Success
1737,Card,Success
1738,Card,Success
1739,Wallet,Success
1740,Card,Success
1741,UPI,Success
1742,Card,Success
1743,Card,Success
1744,Wallet,Success
1745,Card,Success
1746,Wallet,Success
1747,Cash,Success
1748,Cash,Success
1749,UPI,Success
1750,Wallet,Failed
1751,Wallet,Success
1752,Wallet,Success
1753,UPI,Success
1754,UPI,Failed
1755,Card,Success
1756,Wallet,Success
1757,UPI,Success
1758,Cash,Success
1759,Cash,Success
1760,Wallet,Success
1761,Cash,Success
1762,Card,Success
1763,Card,Success
1764,Wallet,Success
1765,UPI,Success
1766,UPI,Success
1767,UPI,Success
1768,UPI,Success
1769,Wallet,Success
1770,Card,Failed
1771,Wallet,Success
1772,Wallet,Success
1773,Cash,Success
1774,Card,Success
1775,UPI,Success
1776,Card,Success
1777,Cash,Success
1778,Wallet,Success
1779,Card,Success
1780,Cash,Success
1781,Wallet,Success
1782,UPI,Success
1783,Card,Failed
1784,UPI,Success
1785,UPI,Success
1786,Cash,Failed
1787,Cash,Success
1788,Wallet,Success
1789,UPI,Success
1790,Cash,Success
1791,Cash,Success
1792,UPI,Success
1793,Wallet,Success
1794,UPI,Success
1795,Wallet,Success
1796,Wallet,Success
1797,Cash,Success
1798,UPI,Success
1799,UPI,Success
1800,Cash,Success
1801,Card,Success
1802,Card,Success
1803,UPI,Success
1804,Cash,Failed
1805,Wallet,Success
1806,Wallet,Success
1807,UPI,Success
1808,Cash,Success
1809,UPI,Failed
1810,UPI,Failed
1811,Cash,Success
1812,UPI,Success
1813,Wallet,Success
1814,Card,Success
1815,Wallet,Success
1816,Card,Success
1817,Cash,Success
1818,UPI,Success
1819,Card,Failed
1820,Cash,Success
1821,Cash,Success
1822,Cash,Success
1823,Wallet,Success
1824,Wallet,Success
1825,Card,Success
1826,Card,Success
1827,Wallet,Success
1828,Card,Success
1829,Card,Failed
1830,UPI,Success
1831,Card,Success
1832,Cash,Success
1833,UPI,Success
1834,Card,Success
1835,UPI,Success
1836,Cash,Success
1837,Card,Success
1838,UPI,Success
1839,Card,Success
1840,UPI,Success
1841,UPI,Success
1842,Cash,Success
1843,Cash,Success
1844,Card,Success
1845,Wallet,Success
1846,Card,Failed
1847,UPI,Success
1848,Cash,Success
1849,Cash,Success
1850,UPI,Success
1851,Wallet,Success
1852,Cash,Success
1853,Wallet,Success
1854,Cash,Success
1855,UPI,Success
1856,Card,Success
1857,Card,Success
1858,Wallet,Success
1859,Card,Success
1860,UPI,Success
1861,Card,Success
1862,Wallet,Success
1863,UPI,Success
1864,UPI,Success
1865,Cash,Success
1866,Cash,Success
1867,Card,Success
1868,Wallet,Success
1869,UPI,Success
1870,Card,Success
1871,Card,Success
1872,Cash,Success
1873,Card,Failed
1874,Card,Success
1875,Cash,Success
1876,Card,Success
1877,Card,Success
1878,UPI,Success
1879,Card,Success
1880,Cash,Success
1881,Cash,Failed
1882,UPI,Failed
1883,Cash,Success
1884,Cash,Success
1885,Cash,Success
1886,Card,Success
1887,UPI,Success
1888,Wallet,Failed
1889,UPI,Success
1890,UPI,Success
1891,UPI,Success
1892,Wallet,Success
1893,Wallet,Success
1894,Cash,Success
1895,Card,Success
1896,Cash,Success
1897,Cash,Success
1898,Wallet,Success
1899,Cash,Success
1900,Cash,Success
1901,Wallet,Success
1902,UPI,Success
1903,UPI,Success
1904,Wallet,Success
1905,Card,Success
1906,Cash,Success
1907,UPI,Success
1908,Wallet,Success
1909,Card,Success
1910,Cash,Success
1911,Wallet,Success
1912,Wallet,Success
1913,Wallet,Success
1914,Cash,Success
1915,UPI,Success
1916,Cash,Success
1917,Cash,Success
1918,UPI,Success
1919,Wallet,Success
1920,Card,Success
1921,Card,Success
1922,UPI,Failed
1923,UPI,Success
1924,Wallet,Success
1925,Card,Success
1926,Card,Success
1927,Wallet,Success
1928,UPI,Success
1929,UPI,Success
1930,Wallet,Success
1931,UPI,Success
1932,Cash,Success
1933,UPI,Success
1934,Cash,Success
1935,Card,Success
1936,Card,Success
1937,UPI,Success
1938,Wallet,Success
1939,UPI,Success
1940,Wallet,Success
1941,Card,Success
1942,Card,Success
1943,Card,Success
1944,Wallet,Success
1945,Wallet,Success
1946,Card,Success
1947,UPI,Success
1948,Wallet,Success
1949,Cash,Success
1950,Card,Success
1951,Wallet,Success
1952,Card,Success
1953,Cash,Success
1954,UPI,Success
1955,Cash,Success
1956,UPI,Success
1957,UPI,Success
1958,Wallet,Failed
1959,UPI,Success
1960,UPI,Success
1961,UPI,Failed
1962,Card,Success
1963,Wallet,Failed
1964,Wallet,Success
1965,UPI,Success
1966,Card,Success
1967,UPI,Success
1968,Wallet,Success
1969,Wallet,Success
1970,Wallet,Success
1971,Wallet,Success
1972,Card,Success
1973,Cash,Success
1974,Cash,Success
1975,Card,Success
1976,UPI,Success
1977,Wallet,Success
1978,Wallet,Success
1979,Wallet,Success
1980,Card,Failed
1981,Card,Success
1982,Wallet,Success
1983,Wallet,Success
1984,UPI,Failed
1985,Cash,Success
1986,Card,Success
1987,Cash,Failed
1988,Wallet,Success
1989,Cash,Success
1990,Cash,Success
1991,Card,Success
1992,Card,Success
1993,UPI,Success
1994,Wallet,Success
1995,UPI,Success
1996,Card,Failed
1997,UPI,Success
1998,Cash,Success
1999,Cash,Failed
2000,Card,Success
2001,Cash,Success
2002,Wallet,Success
2003,Card,Success
2004,Wallet,Success
2005,Card,Success
2006,Card,Success
2007,Cash,Success
2008,Card,Success
2009,Card,Success
2010,UPI,Success
2011,Cash,Success
2012,Wallet,Success
2013,Card,Failed
2014,Wallet,Failed
2015,UPI,Success
2016,Card,Failed
2017,Wallet,Failed
2018,Cash,Success
2019,UPI,Success
2020,UPI,Failed
2021,Wallet,Success
2022,Card,Success
2023,Card,Success
2024,Cash,Success
2025,Cash,Success
2026,Card,Success
2027,UPI,Success
2028,Cash,Success
2029,Cash,Success
2030,UPI,Success
2031,Card,Success
2032,Wallet,Success
2033,Cash,Success
2034,UPI,Failed
2035,Cash,Success
2036,UPI,Success
2037,Cash,Success
2038,Card,Success
2039,UPI,Success
2040,Wallet,Success
2041,Wallet,Success
2042,Cash,Success
2043,Wallet,Failed
2044,Cash,Success
2045,UPI,Success
2046,UPI,Success
2047,Wallet,Success
2048,Wallet,Success
2049,Card,Failed
2050,UPI,Success
2051,Wallet,Success
2052,Wallet,Success
2053,Wallet,Success
2054,Cash,Success
2055,Card,Success
2056,UPI,Success
2057,Wallet,Success
2058,Wallet,Success
2059,Wallet,Success
2060,Cash,Success
2061,UPI,Success
2062,Wallet,Success
2063,Wallet,Success
2064,Cash,Success
2065,Cash,Success
2066,Card,Success
2067,Card,Success
2068,UPI,Success
2069,Card,Success
2070,UPI,Success
2071,Card,Success
2072,Wallet,Failed
2073,Card,Success
2074,Wallet,Success
2075,UPI,Success
2076,Card,Success
2077,Card,Success
2078,Card,Success
2079,Wallet,Success
2080,Wallet,Success
2081,Card,Failed
2082,UPI,Success
2083,Wallet,Success
2084,Cash,Failed
2085,UPI,Success
2086,UPI,Success
2087,UPI,Success
2088,Wallet,Success
2089,Card,Success
2090,Card,Success
2091,Cash,Success
2092,Card,Success
2093,Cash,Success
2094,Cash,Success
2095,Card,Success
2096,Cash,Success
2097,UPI,Success
2098,UPI,Success
2099,UPI,Success
2100,Wallet,Success
2101,Cash,Success
2102,Cash,Success
2103,UPI,Success
2104,Wallet,Failed
2105,Card,Success
2106,UPI,Success
2107,Wallet,Success
2108,Card,Success
2109,Wallet,Success
2110,Card,Success
2111,Cash,Success
2112,Cash,Success
2113,Wallet,Success
2114,Wallet,Success
2115,Card,Success
2116,Wallet,Success
2117,Wallet,Success
2118,Card,Failed
2119,Card,Success
2120,Cash,Success
2121,UPI,Success
2122,Wallet,Success
2123,Card,Success
2124,Cash,Success
2125,UPI,Success
2126,Wallet,Success
2127,Cash,Failed
2128,UPI,Success
2129,Wallet,Success
2130,Cash,Success
2131,Wallet,Success
2132,UPI,Success
2133,Card,Success
2134,Cash,Success
2135,UPI,Success
2136,Wallet,Success
2137,UPI,Success
2138,UPI,Success
2139,Card,Success
2140,Cash,Failed
2141,UPI,Success
2142,Card,Success
2143,Card,Success
2144,Card,Success
2145,Wallet,Success
2146,Card,Success
2147,Card,Success
2148,Card,Success
2149,Card,Failed
2150,Cash,Success
2151,Cash,Success
2152,Card,Success
2153,UPI,Success
2154,Wallet,Success
2155,UPI,Success
2156,UPI,Success
2157,Card,Success
2158,UPI,Success
2159,Cash,Success
2160,Cash,Success
2161,Wallet,Success
2162,Cash,Success
2163,Cash,Success
2164,Card,Success
2165,Cash,Success
2166,UPI,Success
2167,UPI,Success
2168,Cash,Success
2169,Wallet,Failed
2170,Wallet,Success
2171,Wallet,Success
2172,Cash,Success
2173,Wallet,Success
2174,Cash,Success
2175,UPI,Success
2176,Wallet,Success
2177,Wallet,Success
2178,Wallet,Success
2179,UPI,Failed
2180,Cash,Success
2181,UPI,Success
2182,UPI,Success
2183,Card,Success
2184,Wallet,Success
2185,Cash,Success
2186,Cash,Success
2187,Card,Success
2188,Card,Success
2189,UPI,Success
2190,Card,Success
2191,Cash,Success
2192,Cash,Success
2193,Cash,Success
2194,UPI,Success
2195,Wallet,Success
2196,Wallet,Success
2197,UPI,Success
2198,Cash,Success
2199,Cash,Success
2200,UPI,Success
2201,UPI,Success
2202,Card,Failed
2203,UPI,Success
2204,Wallet,Success
2205,UPI,Success
2206,Cash,Success
2207,Cash,Success
2208,Cash,Success
2209,Wallet,Success
2210,Wallet,Success
2211,Card,Success
2212,UPI,Success
2213,Card,Success
2214,UPI,Success
2215,UPI,Success
2216,Wallet,Success
2217,Cash,Success
2218,UPI,Success
2219,Wallet,Success
2220,Card,Success
2221,Cash,Success
2222,Card,Success
2223,Card,Success
2224,Wallet,Success
2225,Cash,Success
2226,UPI,Success
2227,Card,Success
2228,UPI,Success
2229,Cash,Success
2230,Wallet,Success
2231,Wallet,Success
2232,Wallet,Success
2233,UPI,Success
2234,UPI,Success
2235,Cash,Success
2236,UPI,Success
2237,Wallet,Success
2238,Card,Success
2239,Card,Success
2240,Card,Success
2241,Wallet,Success
2242,UPI,Failed
2243,Card,Success
2244,UPI,Success
2245,UPI,Success
2246,Wallet,Success
2247,UPI,Success
2248,UPI,Success
2249,Wallet,Success
2250,Cash,Success
2251,Card,Success
2252,Card,Success
2253,UPI,Success
2254,Cash,Success
2255,Wallet,Success
2256,UPI,Success
2257,Wallet,Success
2258,Card,Success
2259,Wallet,Success
2260,Card,Success
2261,Wallet,Success
2262,Wallet,Success
2263,Cash,Success
2264,Wallet,Success
2265,UPI,Success
2266,Cash,Success
2267,UPI,Success
2268,Wallet,Success
2269,Wallet,Success
2270,Cash,Success
2271,Card,Success
2272,Cash,Success
2273,Card,Success
2274,Card,Success
2275,Wallet,Success
2276,UPI,Success
2277,Cash,Success
2278,Cash,Success
2279,Wallet,Success
2280,Wallet,Success
2281,Cash,Success
2282,Cash,Success
2283,UPI,Success
2284,Wallet,Success
2285,UPI,Success
2286,Wallet,Success
2287,Wallet,Success
2288,UPI,Success
2289,Card,Success
2290,Card,Success
2291,Card,Failed
2292,Wallet,Success
2293,UPI,Success
2294,Card,Success
2295,Cash,Success
2296,Card,Success
2297,UPI,Success
2298,Wallet,Success
2299,UPI,Success
2300,Wallet,Success
2301,UPI,Success
2302,UPI,Success
2303,Cash,Success
2304,Card,Failed
2305,Card,Success
2306,UPI,Success
2307,Card,Success
2308,Cash,Success
2309,UPI,Success
2310,Card,Success
2311,Card,Failed
2312,Wallet,Success
2313,Card,Success
2314,Card,Success
2315,Wallet,Failed
2316,UPI,Success
2317,UPI,Success
2318,Cash,Success
2319,Wallet,Success
2320,UPI,Success
2321,Card,Success
2322,Card,Success
2323,Card,Success
2324,Cash,Success
2325,UPI,Success
2326,Wallet,Success
2327,UPI,Success
2328,Wallet,Success
2329,Wallet,Success
2330,UPI,Success
2331,Card,Success
2332,Card,Success
2333,Wallet,Success
2334,Card,Failed
2335,Cash,Failed
2336,Cash,Success
2337,Wallet,Success
2338,Card,Success
2339,Wallet,Success
2340,Cash,Success
2341,Cash,Success
2342,Cash,Success
2343,UPI,Success
2344,Cash,Success
2345,Card,Success
2346,UPI,Success
2347,Cash,Success
2348,Card,Success
2349,Cash,Success
2350,Card,Success
2351,Card,Success
2352,Cash,Success
2353,Cash,Success
2354,UPI,Failed
2355,Cash,Success
2356,Card,Success
2357,Wallet,Success
2358,UPI,Success
2359,Card,Success
2360,Card,Success
2361,Wallet,Success
2362,Cash,Success
2363,Card,Success
2364,Wallet,Success
2365,Wallet,Success
2366,Cash,Success
2367,Wallet,Success
2368,Wallet,Success
2369,Wallet,Success
2370,Wallet,Success
2371,Wallet,Success
2372,Wallet,Success
2373,Card,Success
2374,UPI,Success
2375,Cash,Success
2376,UPI,Success
2377,Cash,Success
2378,UPI,Success
2379,Cash,Success
2380,Wallet,Success
2381,UPI,Success
2382,UPI,Success
2383,Cash,Success
2384,Cash,Success
2385,Card,Success
2386,Wallet,Success
2387,Wallet,Success
2388,Card,Success
2389,Cash,Failed
2390,Wallet,Success
2391,Cash,Success
2392,Wallet,Success
2393,UPI,Success
2394,UPI,Success
2395,Wallet,Success
2396,Wallet,Success
2397,Wallet,Success
2398,Card,Success
2399,Wallet,Failed
2400,Card,Success
2401,Card,Success
2402,UPI,Success
2403,Wallet,Success
2404,UPI,Success
2405,UPI,Success
2406,Card,Success
2407,Cash,Failed
2408,Card,Success
2409,UPI,Success
2410,Card,Success
2411,Card,Success
2412,Card,Success
2413,Wallet,Success
2414,Card,Success
2415,UPI,Success
2416,Card,Success
2417,Wallet,Success
2418,UPI,Success
2419,Card,Success
2420,UPI,Success
2421,Wallet,Success
2422,Cash,Success
2423,Wallet,Success
2424,Wallet,Success
2425,UPI,Success
2426,UPI,Failed
2427,Cash,Success
2428,Cash,Success
2429,Cash,Success
2430,Wallet,Success
2431,Wallet,Success
2432,Cash,Success
2433,Cash,Success
2434,Cash,Failed
2435,Card,Success
2436,Card,Success
2437,Cash,Success
2438,Wallet,Success
2439,UPI,Success
2440,Wallet,Success
2441,UPI,Failed
2442,Cash,Success
2443,Card,Success
2444,Card,Success
2445,UPI,Failed
2446,Cash,Failed
2447,Card,Success
2448,Cash,Success
2449,Cash,Success
2450,UPI,Success
2451,Cash,Success
2452,Cash,Success
2453,UPI,Success
2454,Card,Success
2455,Wallet,Success
2456,Cash,Success
2457,UPI,Success
2458,Card,Failed
2459,Cash,Success
2460,Wallet,Success
2461,Card,Success
2462,UPI,Success
2463,Cash,Success
2464,UPI,Failed
2465,Wallet,Success
2466,Wallet,Success
2467,UPI,Success
2468,Cash,Success
2469,UPI,Success
2470,Card,Success
2471,UPI,Success
2472,Wallet,Success
2473,Cash,Success
2474,Cash,Success
2475,Wallet,Success
2476,Wallet,Success
2477,Card,Success
2478,Wallet,Success
2479,Wallet,Success
2480,Wallet,Success
2481,Cash,Success
2482,Wallet,Success
2483,UPI,Failed
2484,UPI,Success
2485,Cash,Success
2486,Card,Success
2487,Card,Success
2488,Cash,Success
2489,UPI,Success
2490,Cash,Success
2491,Wallet,Success
2492,Cash,Success
2493,Card,Success
2494,UPI,Success
2495,Card,Success
2496,Card,Success
2497,UPI,Success
2498,Wallet,Success
2499,UPI,Success
2500,UPI,Success
2501,Cash,Success
2502,UPI,Success
2503,Cash,Success
2504,Card,Failed
2505,UPI,Success
2506,Wallet,Failed
2507,Cash,Success
2508,Cash,Success
2509,Wallet,Success
2510,Cash,Success
2511,Cash,Success
2512,Wallet,Success
2513,Card,Success
2514,UPI,Success
2515,UPI,Success
2516,UPI,Success
2517,UPI,Success
2518,UPI,Success
2519,UPI,Success
2520,Cash,Success
2521,UPI,Success
2522,Cash,Success
2523,Wallet,Failed
2524,Card,Success
2525,Cash,Success
2526,Card,Success
2527,Wallet,Success
2528,UPI,Success
2529,Card,Success
2530,Card,Success
2531,Wallet,Success
2532,Wallet,Success
2533,Wallet,Success
2534,Cash,Success
2535,Cash,Success
2536,Card,Success
2537,Wallet,Success
2538,Card,Success
2539,UPI,Success
2540,Wallet,Success
2541,Cash,Success
2542,Wallet,Success
2543,Card,Failed
2544,Cash,Success
2545,UPI,Success
2546,UPI,Success
2547,Card,Success
2548,Wallet,Success
2549,UPI,Success
2550,Card,Success
2551,Cash,Success
2552,Cash,Success
2553,Card,Success
2554,Wallet,Success
2555,Wallet,Success
2556,Wallet,Success
2557,Wallet,Success
2558,Card,Success
2559,Card,Success
2560,Cash,Success
2561,Cash,Success
2562,Wallet,Success
2563,UPI,Success
2564,UPI,Success
2565,Cash,Failed
2566,Cash,Success
2567,Card,Success
2568,Cash,Success
2569,Cash,Success
2570,Wallet,Success
2571,UPI,Success
2572,UPI,Success
2573,Card,Success
2574,UPI,Success
2575,Wallet,Success
2576,Wallet,Success
2577,Card,Success
2578,Cash,Success
2579,Cash,Success
2580,Wallet,Success
2581,Card,Success
2582,Wallet,Success
2583,UPI,Success
2584,UPI,Success
2585,Wallet,Success
2586,Cash,Success
2587,UPI,Success
2588,Card,Success
2589,Cash,Success
2590,UPI,Success
2591,Wallet,Success
2592,Cash,Success
2593,Cash,Success
2594,UPI,Success
2595,Card,Success
2596,UPI,Success
2597,UPI,Success
2598,UPI,Success
2599,UPI,Success
2600,UPI,Failed
2601,Wallet,Success
2602,UPI,Success
2603,Card,Success
2604,Cash,Failed
2605,Wallet,Success
2606,Card,Failed
2607,UPI,Success
2608,Card,Success
2609,Cash,Success
2610,Card,Success
2611,UPI,Success
2612,Cash,Success
2613,UPI,Success
2614,UPI,Success
2615,Wallet,Success
2616,Cash,Failed
2617,Cash,Success
2618,UPI,Success
2619,Card,Success
2620,Cash,Success
2621,Card,Success
2622,Card,Success
2623,Cash,Failed
2624,Card,Success
2625,Cash,Success
2626,Wallet,Success
2627,Cash,Success
2628,Cash,Failed
2629,Cash,Success
2630,Wallet,Success
2631,Card,Success
2632,Wallet,Success
2633,Card,Success
2634,Cash,Success
2635,Cash,Success
2636,Wallet,Failed
2637,Wallet,Success
2638,Wallet,Success
2639,Wallet,Success
2640,Cash,Success
2641,Cash,Success
2642,UPI,Success
2643,Wallet,Success
2644,Wallet,Success
2645,Card,Success
2646,Card,Success
2647,Cash,Failed
2648,UPI,Success
2649,Wallet,Success
2650,UPI,Success
2651,UPI,Success
2652,Cash,Success
2653,UPI,Success
2654,Wallet,Success
2655,Cash,Success
2656,UPI,Success
2657,Cash,Success
2658,Cash,Success
2659,Card,Success
2660,Cash,Success
2661,UPI,Success
2662,Card,Success
2663,Wallet,Success
2664,Wallet,Success
2665,Wallet,Success
2666,Wallet,Success
2667,Wallet,Success
2668,UPI,Success
2669,Cash,Success
2670,Card,Success
2671,Cash,Success
2672,Cash,Success
2673,UPI,Success
2674,UPI,Success
2675,UPI,Success
2676,Card,Success
2677,UPI,Success
2678,Cash,Success
2679,Card,Success
2680,UPI,Failed
2681,UPI,Success
2682,UPI,Success
2683,Cash,Success
2684,UPI,Success
2685,Cash,Success
2686,Card,Success
2687,UPI,Success
2688,Wallet,Success
2689,Wallet,Success
2690,Cash,Success
2691,UPI,Success
2692,UPI,Success
2693,Wallet,Success
2694,Card,Success
2695,Card,Success
2696,Cash,Success
2697,Wallet,Success
2698,Cash,Success
2699,Cash,Success
2700,Card,Success
2701,Wallet,Success
2702,Cash,Success
2703,Card,Success
2704,Card,Failed
2705,UPI,Success
2706,Wallet,Success
2707,Wallet,Success
2708,UPI,Success
2709,Cash,Success
2710,Card,Success
2711,Card,Success
2712,Card,Success
2713,UPI,Success
2714,Card,Success
2715,Cash,Success
2716,Cash,Failed
2717,UPI,Success
2718,Cash,Success
2719,Wallet,Success
2720,Wallet,Success
2721,Card,Success
2722,Card,Success
2723,Wallet,Success
2724,Cash,Success
2725,UPI,Success
2726,Card,Success
2727,Card,Success
2728,Wallet,Failed
2729,Wallet,Success
2730,UPI,Failed
2731,Card,Success
2732,Cash,Success
2733,Cash,Failed
2734,Wallet,Success
2735,UPI,Success
2736,Wallet,Success
2737,UPI,Success
2738,Cash,Success
2739,UPI,Success
2740,Cash,Success
2741,UPI,Success
2742,Wallet,Success
2743,Cash,Success
2744,Card,Success
2745,Card,Success
2746,Cash,Success
2747,Card,Success
2748,Cash,Success
2749,Wallet,Success
2750,Wallet,Success
2751,UPI,Success
2752,Card,Success
2753,Card,Success
2754,Card,Success
2755,Cash,Success
2756,Wallet,Success
2757,Card,Success
2758,UPI,Success
2759,Card,Success
2760,UPI,Failed
2761,Card,Success
2762,Card,Failed
2763,Wallet,Success
2764,UPI,Success
2765,Card,Success
2766,UPI,Success
2767,UPI,Success
2768,Wallet,Failed
2769,Wallet,Failed
2770,UPI,Success
2771,Wallet,Success
2772,Card,Success
2773,Card,Success
2774,Wallet,Success
2775,UPI,Success
2776,Card,Success
2777,Cash,Success
2778,UPI,Success
2779,UPI,Success
2780,Cash,Success
2781,Cash,Success
2782,UPI,Failed
2783,Cash,Success
2784,Wallet,Failed
2785,Wallet,Success
2786,UPI,Success
2787,Wallet,Success
2788,Card,Success
2789,Wallet,Success
2790,Wallet,Success
2791,Cash,Success
2792,Wallet,Success
2793,UPI,Success
2794,Wallet,Failed
2795,Wallet,Success
2796,UPI,Success
2797,UPI,Failed
2798,Cash,Failed
2799,Card,Success
2800,Wallet,Success
2801,Card,Success
2802,Cash,Success
2803,UPI,Success
2804,UPI,Success
2805,UPI,Success
2806,Cash,Success
2807,Wallet,Success
2808,Cash,Success
2809,UPI,Success
2810,Wallet,Success
2811,UPI,Success
2812,UPI,Success
2813,Cash,Success
2814,Cash,Success
2815,Card,Success
2816,UPI,Success
2817,Wallet,Success
2818,UPI,Success
2819,Wallet,Success
2820,Card,Success
2821,UPI,Success
2822,Wallet,Success
2823,Wallet,Success
2824,Card,Success
2825,Cash,Success
2826,Card,Success
2827,Wallet,Success
2828,Card,Success
2829,Cash,Success
2830,UPI,Success
2831,Card,Success
2832,Card,Success
2833,UPI,Success
2834,Card,Success
2835,Cash,Success
2836,Wallet,Success
2837,Card,Success
2838,UPI,Success
2839,UPI,Success
2840,Card,Success
2841,UPI,Success
2842,Wallet,Success
2843,Wallet,Success
2844,UPI,Success
2845,Card,Success
2846,Card,Success
2847,UPI,Success
2848,Wallet,Failed
2849,Wallet,Success
2850,Card,Failed
2851,Wallet,Success
2852,Cash,Success
2853,Wallet,Success
2854,Card,Success
2855,Wallet,Success
2856,Wallet,Success
2857,UPI,Success
2858,Cash,Success
2859,UPI,Success
2860,Wallet,Success
2861,Wallet,Success
2862,UPI,Success
2863,Cash,Success
2864,Card,Success
2865,UPI,Success
2866,Wallet,Success
2867,Wallet,Success
2868,Card,Success
2869,Wallet,Success
2870,Wallet,Failed
2871,Card,Success
2872,Wallet,Success
2873,Wallet,Success
2874,Cash,Success
2875,UPI,Success
2876,Cash,Success
2877,Cash,Success
2878,Wallet,Success
2879,UPI,Success
2880,UPI,Success
2881,Wallet,Success
2882,Cash,Success
2883,Cash,Success
2884,Cash,Success
2885,UPI,Success
2886,Wallet,Success
2887,UPI,Success
2888,Cash,Failed
2889,UPI,Success
2890,UPI,Success
2891,Wallet,Failed
2892,Wallet,Failed
2893,UPI,Success
2894,Card,Success
2895,Wallet,Success
2896,Card,Success
2897,Wallet,Success
2898,Cash,Success
2899,Card,Success
2900,Cash,Success
2901,Cash,Success
2902,UPI,Success
2903,Cash,Success
2904,Cash,Success
2905,Cash,Success
2906,Cash,Success
2907,UPI,Success
2908,UPI,Success
2909,Cash,Success
2910,Card,Success
2911,Wallet,Success
2912,Card,Success
2913,Cash,Success
2914,UPI,Success
2915,Cash,Success
2916,Cash,Success
2917,UPI,Success
2918,Card,Success
2919,Wallet,Success
2920,Cash,Success
2921,UPI,Success
2922,Wallet,Success
2923,Wallet,Success
2924,Wallet,Success
2925,UPI,Success
2926,Cash,Success
2927,UPI,Success
2928,Cash,Success
2929,Card,Success
2930,Wallet,Failed
2931,Cash,Success
2932,Card,Success
2933,UPI,Success
2934,Wallet,Success
2935,Cash,Success
2936,Wallet,Success
2937,Wallet,Success
2938,Wallet,Success
2939,UPI,Success
2940,Wallet,Success
2941,Cash,Success
2942,UPI,Success
2943,Card,Success
2944,Cash,Success
2945,UPI,Success
2946,Cash,Success
2947,Cash,Success
2948,Card,Success
2949,UPI,Success
2950,Wallet,Success
2951,Cash,Success
2952,Cash,Success
2953,Cash,Success
2954,Cash,Success
2955,Cash,Success
2956,UPI,Success
2957,Cash,Success
2958,Cash,Success
2959,Cash,Success
2960,Wallet,Failed
2961,Wallet,Success
2962,UPI,Success
2963,Cash,Success
2964,Cash,Success
2965,Card,Success
2966,Wallet,Success
2967,Card,Success
2968,Cash,Success
2969,Cash,Success
2970,Card,Success
2971,UPI,Success
2972,UPI,Success
2973,Card,Success
2974,Cash,Success
2975,Card,Success
2976,Wallet,Success
2977,UPI,Success
2978,Card,Failed
2979,UPI,Success
2980,Wallet,Success
2981,Cash,Success
2982,Cash,Success
2983,Cash,Success
2984,UPI,Success
2985,Wallet,Success
2986,Card,Success
2987,Cash,Success
2988,UPI,Success
2989,Cash,Success
2990,Wallet,Success
2991,Card,Success
2992,Cash,Failed
2993,Wallet,Success
2994,UPI,Success
2995,Wallet,Success
2996,UPI,Success
2997,Cash,Success
2998,Cash,Success
2999,Wallet,Success
3000,UPI,Failed
3001,Wallet,Success
3002,Wallet,Success
3003,Cash,Success
3004,Cash,Success
3005,Cash,Success
3006,Wallet,Success
3007,Wallet,Success
3008,Card,Success
3009,Card,Success
3010,Wallet,Success
3011,Card,Success
3012,Wallet,Success
3013,Cash,Success
3014,UPI,Success
3015,Cash,Success
3016,Wallet,Success
3017,Cash,Success
3018,Wallet,Success
3019,Wallet,Failed
3020,Card,Failed
3021,Wallet,Success
3022,UPI,Success
3023,Card,Success
3024,UPI,Success
3025,Wallet,Success
3026,Cash,Failed
3027,Wallet,Success
3028,Wallet,Success
3029,Cash,Success
3030,Cash,Success
3031,UPI,Success
3032,Card,Success
3033,Card,Success
3034,Card,Success
3035,UPI,Success
3036,UPI,Success
3037,Cash,Success
3038,Card,Success
3039,Wallet,Failed
3040,UPI,Failed
3041,Wallet,Success
3042,Card,Success
3043,Card,Success
3044,UPI,Failed
3045,UPI,Success
3046,Cash,Success
3047,Wallet,Success
3048,Cash,Success
3049,Cash,Success
3050,Wallet,Success
3051,Card,Success
3052,Wallet,Success
3053,Card,Success
3054,Cash,Success
3055,Card,Success
3056,Card,Success
3057,Card,Success
3058,Wallet,Failed
3059,Card,Success
3060,Wallet,Success
3061,UPI,Success
3062,UPI,Success
3063,Cash,Success
3064,Cash,Success
3065,Wallet,Success
3066,Card,Success
3067,Card,Success
3068,UPI,Failed
3069,Wallet,Success
3070,Card,Failed
3071,Card,Success
3072,Wallet,Failed
3073,Cash,Success
3074,Wallet,Success
3075,Wallet,Success
3076,Card,Success
3077,UPI,Success
3078,Card,Success
3079,Card,Success
3080,Card,Success
3081,Wallet,Success
3082,Wallet,Success
3083,Card,Failed
3084,Card,Failed
3085,UPI,Success
3086,Cash,Success
3087,Card,Success
3088,Wallet,Success
3089,Cash,Success
3090,Cash,Success
3091,UPI,Success
3092,Cash,Success
3093,Card,Success
3094,Card,Success
3095,Wallet,Success
3096,Card,Success
3097,Card,Success
3098,UPI,Success
3099,Cash,Success
3100,UPI,Success
3101,Cash,Success
3102,UPI,Success
3103,Wallet,Success
3104,UPI,Success
3105,UPI,Success
3106,Wallet,Success
3107,Card,Success
3108,Card,Success
3109,Wallet,Success
3110,Wallet,Success
3111,UPI,Success
3112,Wallet,Success
3113,Wallet,Success
3114,Cash,Success
3115,Cash,Success
3116,Card,Success
3117,Wallet,Success
3118,UPI,Success
3119,Card,Success
3120,Card,Success
3121,Card,Success
3122,Wallet,Success
3123,Wallet,Success
3124,UPI,Success
3125,UPI,Success
3126,Card,Success
3127,Wallet,Success
3128,UPI,Success
3129,Cash,Success
3130,Cash,Success
3131,Card,Success
3132,Cash,Success
3133,Card,Success
3134,Wallet,Success
3135,Card,Success
3136,Card,Success
3137,Wallet,Success
3138,UPI,Success
3139,UPI,Success
3140,UPI,Success
3141,UPI,Success
3142,Card,Success
3143,UPI,Success
3144,Cash,Success
3145,Cash,Failed
3146,UPI,Success
3147,Cash,Success
3148,Cash,Success
3149,Wallet,Success
3150,Wallet,Failed
3151,UPI,Success
3152,Card,Success
3153,Card,Success
3154,Wallet,Success
3155,Wallet,Success
3156,Card,Success
3157,UPI,Success
3158,Card,Success
3159,Card,Success
3160,Cash,Success
3161,Card,Success
3162,Wallet,Success
3163,UPI,Failed
3164,Card,Success
3165,Cash,Failed
3166,Wallet,Success
3167,Wallet,Success
3168,Cash,Success
3169,Wallet,Success
3170,Cash,Success
3171,Wallet,Success
3172,Wallet,Success
3173,Wallet,Success
3174,Wallet,Success
3175,Cash,Success
3176,Card,Success
3177,Wallet,Success
3178,Cash,Success
3179,Cash,Success
3180,Cash,Success
3181,Card,Success
3182,UPI,Success
3183,Cash,Success
3184,Cash,Success
3185,Cash,Success
3186,Card,Success
3187,Wallet,Success
3188,Card,Success
3189,Cash,Success
3190,UPI,Failed
3191,Cash,Success
3192,Wallet,Success
3193,UPI,Success
3194,UPI,Success
3195,Card,Success
3196,Card,Success
3197,Wallet,Success
3198,Card,Success
3199,Wallet,Success
3200,UPI,Failed
3201,UPI,Failed
3202,UPI,Success
3203,Wallet,Success
3204,Card,Success
3205,Card,Success
3206,Card,Success
3207,Cash,Success
3208,UPI,Failed
3209,UPI,Success
3210,Cash,Success
3211,UPI,Success
3212,UPI,Success
3213,Cash,Failed
3214,UPI,Success
3215,Card,Success
3216,Cash,Success
3217,UPI,Failed
3218,Card,Success
3219,Wallet,Success
3220,UPI,Success
3221,Cash,Success
3222,Card,Success
3223,Wallet,Success
3224,Wallet,Success
3225,UPI,Success
3226,Wallet,Failed
3227,Cash,Success
3228,Wallet,Success
3229,UPI,Success
3230,Wallet,Success
3231,UPI,Failed
3232,Wallet,Success
3233,Card,Success
3234,UPI,Success
3235,Cash,Success
3236,Cash,Success
3237,Wallet,Success
3238,Card,Success
3239,Wallet,Success
3240,Wallet,Success
3241,Card,Success
3242,UPI,Success
3243,Cash,Success
3244,Card,Success
3245,Wallet,Success
3246,UPI,Success
3247,Wallet,Success
3248,UPI,Success
3249,Cash,Success
3250,Cash,Success
3251,UPI,Success
3252,Cash,Success
3253,Wallet,Success
3254,UPI,Success
3255,Wallet,Success
3256,UPI,Success
3257,Wallet,Success
3258,Cash,Success
3259,Card,Success
3260,Wallet,Success
3261,UPI,Success
3262,Cash,Success
3263,UPI,Success
3264,Wallet,Success
3265,UPI,Success
3266,UPI,Success
3267,Wallet,Success
3268,Cash,Success
3269,Cash,Success
3270,Wallet,Success
3271,Cash,Success
3272,Card,Failed
3273,UPI,Success
3274,Wallet,Success
3275,Card,Success
3276,UPI,Success
3277,Wallet,Success
3278,Cash,Failed
3279,Wallet,Success
3280,Wallet,Success
3281,UPI,Success
3282,UPI,Success
3283,UPI,Success
3284,Card,Success
3285,Cash,Success
3286,Wallet,Failed
3287,Wallet,Success
3288,Cash,Success
3289,Wallet,Success
3290,UPI,Success
3291,Wallet,Success
3292,Cash,Success
3293,Card,Success
3294,Card,Success
3295,Cash,Success
3296,Wallet,Success
3297,Wallet,Success
3298,Card,Success
3299,Wallet,Success
3300,Card,Success
3301,Cash,Success
3302,Cash,Success
3303,Wallet,Success
3304,UPI,Failed
3305,UPI,Failed
3306,Card,Success
3307,Cash,Success
3308,Card,Failed
3309,Cash,Success
3310,Card,Success
3311,Card,Success
3312,Card,Success
3313,Wallet,Success
3314,UPI,Success
3315,Cash,Success
3316,Card,Success
3317,UPI,Success
3318,Card,Success
3319,Card,Success
3320,Cash,Success
3321,Wallet,Success
3322,Card,Success
3323,Cash,Success
3324,Wallet,Failed
3325,Wallet,Success
3326,UPI,Success
3327,UPI,Failed
3328,Card,Success
3329,UPI,Success
3330,Cash,Success
3331,Cash,Success
3332,UPI,Success
3333,Cash,Success
3334,Cash,Success
3335,Card,Success
3336,Card,Success
3337,Cash,Success
3338,UPI,Success
3339,Cash,Success
3340,Wallet,Success
3341,Wallet,Success
3342,Wallet,Failed
3343,Card,Success
3344,UPI,Success
3345,Cash,Failed
3346,UPI,Success
3347,UPI,Success
3348,UPI,Success
3349,Wallet,Success
3350,Cash,Success
3351,Card,Failed
3352,UPI,Success
3353,UPI,Success
3354,Wallet,Success
3355,Wallet,Success
3356,Cash,Success
3357,Card,Success
3358,Card,Success
3359,Wallet,Success
3360,Cash,Success
3361,UPI,Success
3362,Cash,Success
3363,Card,Success
3364,Wallet,Success
3365,UPI,Success
3366,UPI,Success
3367,Card,Failed
3368,UPI,Success
3369,Cash,Success
3370,Card,Success
3371,Card,Success
3372,UPI,Success
3373,Card,Success
3374,Wallet,Success
3375,Cash,Success
3376,Card,Success
3377,Wallet,Success
3378,UPI,Success
3379,Card,Success
3380,Wallet,Success
3381,UPI,Success
3382,Wallet,Failed
3383,UPI,Success
3384,Cash,Success
3385,Card,Success
3386,Cash,Success
3387,Cash,Failed
3388,Card,Success
3389,Cash,Failed
3390,Cash,Success
3391,Wallet,Success
3392,UPI,Success
3393,Cash,Failed
3394,Card,Success
3395,Wallet,Success
3396,UPI,Success
3397,Cash,Failed
3398,Cash,Success
3399,Card,Success
3400,Cash,Success
3401,Card,Success
3402,Cash,Success
3403,Cash,Success
3404,Card,Success
3405,UPI,Success
3406,Wallet,Success
3407,Card,Success
3408,UPI,Success
3409,UPI,Success
3410,Card,Success
3411,Wallet,Success
3412,Card,Failed
3413,Cash,Success
3414,Cash,Success
3415,UPI,Success
3416,Cash,Success
3417,Wallet,Success
3418,Card,Failed
3419,Wallet,Success
3420,UPI,Success
3421,Cash,Success
3422,Cash,Success
3423,Card,Success
3424,Wallet,Success
3425,Wallet,Success
3426,Card,Success
3427,Cash,Failed
3428,UPI,Success
3429,UPI,Success
3430,Card,Success
3431,Card,Success
3432,Card,Success
3433,Wallet,Failed
3434,Cash,Success
3435,Cash,Success
3436,Card,Success
3437,UPI,Success
3438,Wallet,Success
3439,Card,Success
3440,Wallet,Success
3441,Card,Success
3442,Wallet,Success
3443,UPI,Success
3444,UPI,Success
3445,UPI,Failed
3446,UPI,Success
3447,Cash,Success
3448,Cash,Success
3449,Wallet,Success
3450,Card,Success
3451,Cash,Success
3452,Card,Success
3453,Wallet,Success
3454,Card,Success
3455,UPI,Success
3456,UPI,Success
3457,Cash,Success
3458,Wallet,Success
3459,Cash,Success
3460,Cash,Success
3461,Cash,Success
3462,Wallet,Success
3463,UPI,Success
3464,UPI,Success
3465,Cash,Success
3466,Card,Success
3467,UPI,Success
3468,UPI,Failed
3469,Wallet,Success
3470,UPI,Success
3471,UPI,Success
3472,Cash,Success
3473,Cash,Success
3474,Wallet,Success
3475,Wallet,Success
3476,Card,Success
3477,UPI,Success
3478,Cash,Success
3479,Cash,Success
3480,UPI,Success
3481,Wallet,Success
3482,Cash,Success
3483,Wallet,Success
3484,Cash,Success
3485,Cash,Success
3486,Card,Success
3487,Cash,Success
3488,UPI,Success
3489,UPI,Success
3490,UPI,Success
3491,Wallet,Success
3492,Cash,Success
3493,Wallet,Success
3494,Card,Success
3495,Cash,Success
3496,UPI,Success
3497,Card,Success
3498,Card,Success
3499,Cash,Success
3500,UPI,Success
3501,Wallet,Failed
3502,Cash,Success
3503,UPI,Success
3504,Card,Success
3505,Cash,Success
3506,Card,Success
3507,UPI,Success
3508,Wallet,Success
3509,Wallet,Success
3510,Card,Success
3511,Card,Success
3512,Card,Failed
3513,Cash,Success
3514,UPI,Success
3515,Card,Success
3516,Card,Success
3517,Card,Success
3518,Wallet,Failed
3519,Card,Success
3520,UPI,Failed
3521,Wallet,Success
3522,UPI,Success
3523,Wallet,Success
3524,Wallet,Success
3525,Cash,Success
3526,Wallet,Success
3527,Wallet,Failed
3528,UPI,Success
3529,UPI,Success
3530,Card,Success
3531,Cash,Success
3532,Wallet,Success
3533,Cash,Success
3534,Card,Success
3535,Cash,Success
3536,Wallet,Failed
3537,UPI,Success
3538,Cash,Success
3539,Wallet,Success
3540,Card,Success
3541,Wallet,Success
3542,Cash,Success
3543,Wallet,Success
3544,Wallet,Success
3545,Cash,Success
3546,Cash,Success
3547,Card,Success
3548,Wallet,Success
3549,UPI,Success
3550,Cash,Success
3551,Wallet,Success
3552,UPI,Success
3553,UPI,Success
3554,Wallet,Success
3555,Wallet,Success
3556,Wallet,Success
3557,UPI,Success
3558,Wallet,Success
3559,Cash,Success
3560,UPI,Success
3561,Cash,Success
3562,Cash,Success
3563,Wallet,Success
3564,Cash,Failed
3565,Wallet,Success
3566,UPI,Failed
3567,Cash,Success
3568,Wallet,Failed
3569,Card,Failed
3570,Wallet,Success
3571,Card,Success
3572,Wallet,Success
3573,Card,Failed
3574,Cash,Success
3575,Card,Success
3576,Cash,Success
3577,Cash,Success
3578,Wallet,Success
3579,Cash,Success
3580,UPI,Success
3581,Card,Failed
3582,Wallet,Success
3583,Cash,Success
3584,Card,Success
3585,Card,Failed
3586,UPI,Success
3587,Card,Success
3588,Wallet,Success
3589,Wallet,Success
3590,Cash,Success
3591,Cash,Success
3592,Wallet,Success
3593,Card,Success
3594,Card,Failed
3595,UPI,Success
3596,Cash,Success
3597,Card,Success
3598,Card,Success
3599,Cash,Success
3600,Wallet,Success
3601,Card,Success
3602,UPI,Success
3603,Card,Success
3604,Card,Success
3605,UPI,Success
3606,Wallet,Success
3607,UPI,Success
3608,UPI,Success
3609,Cash,Success
3610,Card,Failed
3611,Wallet,Success
3612,Card,Success
3613,Wallet,Success
3614,UPI,Success
3615,Cash,Success
3616,UPI,Success
3617,Card,Success
3618,Cash,Success
3619,Cash,Success
3620,Card,Success
3621,Wallet,Success
3622,Cash,Success
3623,Wallet,Success
3624,Wallet,Success
3625,Wallet,Success
3626,Cash,Success
3627,UPI,Success
3628,Cash,Success
3629,UPI,Success
3630,Cash,Success
3631,UPI,Success
3632,UPI,Failed
3633,Cash,Success
3634,Wallet,Success
3635,Wallet,Success
3636,UPI,Success
3637,Card,Success
3638,Card,Success
3639,Cash,Failed
3640,Cash,Success
3641,Cash,Success
3642,Card,Success
3643,Wallet,Success
3644,Cash,Success
3645,Cash,Success
3646,Wallet,Success
3647,UPI,Success
3648,Cash,Success
3649,Card,Failed
3650,Card,Success
3651,Cash,Success
3652,Card,Success
3653,Wallet,Success
3654,UPI,Success
3655,UPI,Success
3656,Cash,Success
3657,Cash,Failed
3658,UPI,Success
3659,UPI,Success
3660,Cash,Success
3661,Card,Success
3662,Cash,Success
3663,Wallet,Success
3664,Cash,Success
3665,Cash,Success
3666,Cash,Success
3667,Cash,Success
3668,Cash,Success
3669,Cash,Failed
3670,Card,Success
3671,Cash,Failed
3672,UPI,Success
3673,Cash,Failed
3674,Card,Success
3675,Wallet,Success
3676,UPI,Success
3677,Cash,Success
3678,Cash,Success
3679,UPI,Success
3680,Cash,Success
3681,Card,Success
3682,Cash,Success
3683,Wallet,Success
3684,Card,Success
3685,Cash,Success
3686,Wallet,Failed
3687,UPI,Success
3688,Card,Failed
3689,Cash,Success
3690,Cash,Failed
3691,UPI,Success
3692,UPI,Success
3693,Card,Success
3694,Card,Success
3695,Card,Success
3696,Cash,Success
3697,Cash,Success
3698,Card,Success
3699,Cash,Success
3700,UPI,Success
3701,Wallet,Success
3702,Cash,Success
3703,Card,Success
3704,Cash,Success
3705,UPI,Success
3706,Card,Failed
3707,Wallet,Success
3708,Card,Success
3709,Card,Success
3710,Card,Success
3711,Cash,Success
3712,Wallet,Success
3713,UPI,Success
3714,Cash,Success
3715,Wallet,Success
3716,Wallet,Success
3717,Cash,Success
3718,Card,Failed
3719,Wallet,Success
3720,UPI,Success
3721,Cash,Success
3722,Wallet,Success
3723,UPI,Success
3724,UPI,Success
3725,UPI,Failed
3726,UPI,Success
3727,Cash,Success
3728,UPI,Success
3729,Cash,Success
3730,UPI,Success
3731,UPI,Failed
3732,Cash,Failed
3733,Card,Success
3734,Wallet,Success
3735,Wallet,Success
3736,Cash,Success
3737,UPI,Success
3738,Cash,Success
3739,UPI,Success
3740,Cash,Success
3741,Wallet,Success
3742,Cash,Success
3743,Wallet,Success
3744,Wallet,Success
3745,Wallet,Success
3746,Cash,Success
3747,Card,Success
3748,Cash,Success
3749,Cash,Success
3750,Card,Success
3751,Card,Success
3752,Wallet,Success
3753,UPI,Success
3754,UPI,Success
3755,Wallet,Success
3756,Cash,Success
3757,UPI,Success
3758,Cash,Success
3759,Card,Success
3760,Card,Success
3761,Wallet,Success
3762,Cash,Success
3763,Wallet,Success
3764,UPI,Success
3765,UPI,Success
3766,UPI,Success
3767,Cash,Success
3768,Wallet,Success
3769,Wallet,Failed
3770,UPI,Success
3771,Wallet,Failed
3772,Card,Success
3773,Card,Failed
3774,Card,Failed
3775,Card,Failed
3776,Wallet,Success
3777,Card,Success
3778,Card,Failed
3779,Card,Success
3780,Card,Success
3781,Card,Success
3782,Cash,Success
3783,Cash,Success
3784,Card,Success
3785,Card,Success
3786,Wallet,Success
3787,Card,Success
3788,UPI,Success
3789,Cash,Success
3790,Card,Success
3791,Cash,Success
3792,Card,Success
3793,UPI,Success
3794,Card,Success
3795,Cash,Success
3796,Cash,Success
3797,Cash,Success
3798,Wallet,Success
3799,Cash,Failed
3800,Card,Success
3801,UPI,Success
3802,UPI,Failed
3803,Card,Success
3804,Wallet,Success
3805,Card,Success
3806,Cash,Success
3807,Wallet,Success
3808,Card,Failed
3809,Wallet,Success
3810,UPI,Success
3811,Card,Success
3812,Card,Success
3813,UPI,Success
3814,Wallet,Success
3815,UPI,Success
3816,Wallet,Success
3817,Card,Success
3818,Wallet,Success
3819,Wallet,Success
3820,Cash,Success
3821,Cash,Success
3822,Cash,Success
3823,UPI,Success
3824,UPI,Success
3825,Cash,Success
3826,Card,Success
3827,Card,Success
3828,Card,Success
3829,UPI,Success
3830,Wallet,Success
3831,UPI,Success
3832,Cash,Success
3833,Wallet,Success
3834,Card,Success
3835,UPI,Success
3836,UPI,Success
3837,Cash,Failed
3838,Card,Success
3839,UPI,Failed
3840,UPI,Success
3841,Wallet,Success
3842,UPI,Success
3843,Wallet,Success
3844,UPI,Success
3845,Card,Success
3846,Cash,Success
3847,Card,Success
3848,Cash,Success
3849,UPI,Success
3850,Card,Success
3851,Wallet,Success
3852,Cash,Success
3853,Cash,Success
3854,UPI,Success
3855,Cash,Success
3856,Cash,Success
3857,Cash,Success
3858,UPI,Success
3859,Card,Success
3860,UPI,Success
3861,Wallet,Success
3862,Cash,Success
3863,Cash,Success
3864,Card,Success
3865,Cash,Success
3866,Card,Success
3867,Cash,Success
3868,Cash,Success
3869,UPI,Success
3870,UPI,Success
3871,Wallet,Success
3872,Card,Success
3873,Wallet,Success
3874,UPI,Success
3875,Card,Success
3876,UPI,Success
3877,Card,Failed
3878,Cash,Success
3879,Wallet,Success
3880,Wallet,Failed
3881,Card,Failed
3882,Wallet,Success
3883,UPI,Success
3884,Wallet,Success
3885,Card,Success
3886,Wallet,Success
3887,Wallet,Success
3888,UPI,Success
3889,Cash,Success
3890,UPI,Success
3891,Wallet,Success
3892,Wallet,Success
3893,Cash,Success
3894,Cash,Success
3895,UPI,Success
3896,Cash,Failed
3897,UPI,Success
3898,Card,Success
3899,Wallet,Success
3900,Cash,Success
3901,Card,Success
3902,Card,Success
3903,UPI,Success
3904,UPI,Success
3905,Cash,Success
3906,UPI,Success
3907,Card,Success
3908,Card,Success
3909,Wallet,Success
3910,Card,Failed
3911,Cash,Success
3912,Wallet,Failed
3913,UPI,Success
3914,Wallet,Success
3915,Card,Success
3916,Cash,Success
3917,UPI,Success
3918,UPI,Success
3919,Card,Success
3920,Cash,Success
3921,Card,Success
3922,Card,Success
3923,Cash,Success
3924,Card,Success
3925,Cash,Success
3926,Cash,Success
3927,Card,Success
3928,Card,Success
3929,Wallet,Success
3930,UPI,Failed
3931,UPI,Success
3932,Cash,Failed
3933,Wallet,Success
3934,Cash,Success
3935,Wallet,Success
3936,Cash,Success
3937,UPI,Success
3938,Wallet,Success
3939,Card,Success
3940,Card,Success
3941,UPI,Success
3942,Wallet,Success
3943,Card,Success
3944,Card,Failed
3945,Card,Success
3946,UPI,Success
3947,Cash,Success
3948,Card,Success
3949,Card,Success
3950,Cash,Success
3951,Card,Success
3952,Wallet,Success
3953,Card,Success
3954,Cash,Success
3955,UPI,Success
3956,UPI,Failed
3957,Wallet,Success
3958,Card,Failed
3959,Card,Success
3960,Cash,Success
3961,Cash,Success
3962,Wallet,Failed
3963,Wallet,Success
3964,Card,Failed
3965,Card,Success
3966,Wallet,Success
3967,UPI,Success
3968,UPI,Success
3969,UPI,Success
3970,UPI,Success
3971,Wallet,Success
3972,Cash,Success
3973,UPI,Success
3974,Wallet,Success
3975,UPI,Success
3976,Card,Success
3977,UPI,Success
3978,Wallet,Success
3979,Card,Success
3980,Card,Failed
3981,UPI,Success
3982,UPI,Success
3983,Card,Success
3984,Cash,Success
3985,Wallet,Success
3986,Wallet,Success
3987,Wallet,Success
3988,Wallet,Success
3989,Wallet,Success
3990,Card,Success
3991,Wallet,Success
3992,Cash,Failed
3993,Cash,Success
3994,UPI,Success
3995,UPI,Success
3996,UPI,Success
3997,UPI,Success
3998,Card,Success
3999,Cash,Success
4000,Card,Success
4001,Cash,Success
4002,Card,Success
4003,Cash,Success
4004,UPI,Success
4005,Cash,Success
4006,UPI,Success
4007,Cash,Success
4008,Card,Success
4009,Wallet,Success
4010,Cash,Success
4011,Card,Success
4012,Wallet,Success
4013,Card,Success
4014,Wallet,Success
4015,UPI,Success
4016,Cash,Success
4017,Card,Success
4018,Cash,Success
4019,UPI,Success
4020,UPI,Failed
4021,Cash,Success
4022,Card,Success
4023,Card,Success
4024,Card,Success
4025,Cash,Success
4026,Card,Failed
4027,Card,Success
4028,Wallet,Success
4029,Card,Success
4030,UPI,Success
4031,Card,Success
4032,Cash,Success
4033,Cash,Success
4034,Card,Success
4035,Cash,Success
4036,Cash,Failed
4037,Card,Failed
4038,Wallet,Success
4039,Wallet,Success
4040,Wallet,Success
4041,Wallet,Success
4042,UPI,Success
4043,Card,Success
4044,Cash,Success
4045,Cash,Success
4046,Card,Success
4047,Cash,Success
4048,UPI,Success
4049,Wallet,Success
4050,Card,Failed
4051,Cash,Success
4052,UPI,Success
4053,Cash,Success
4054,UPI,Success
4055,Cash,Success
4056,Wallet,Success
4057,Card,Success
4058,Wallet,Success
4059,Wallet,Success
4060,Cash,Success
4061,Wallet,Success
4062,Card,Success
4063,UPI,Failed
4064,UPI,Success
4065,Cash,Success
4066,Card,Success
4067,Card,Success
4068,UPI,Success
4069,UPI,Success
4070,Wallet,Success
4071,Cash,Failed
4072,UPI,Success
4073,UPI,Success
4074,Card,Success
4075,Card,Success
4076,Card,Success
4077,UPI,Success
4078,Cash,Success
4079,Wallet,Success
4080,Cash,Success
4081,UPI,Success
4082,Wallet,Failed
4083,Cash,Success
4084,UPI,Success
4085,Cash,Success
4086,UPI,Success
4087,Card,Success
4088,Cash,Success
4089,Card,Success
4090,Card,Failed
4091,Wallet,Success
4092,Wallet,Success
4093,Cash,Success
4094,UPI,Success
4095,Wallet,Failed
4096,Wallet,Success
4097,Card,Success
4098,Card,Success
4099,UPI,Success
4100,Wallet,Success
4101,Wallet,Success
4102,UPI,Success
4103,Wallet,Success
4104,Cash,Success
4105,Cash,Success
4106,UPI,Failed
4107,Card,Success
4108,UPI,Success
4109,Cash,Success
4110,Wallet,Success
4111,Wallet,Success
4112,Card,Success
4113,Card,Failed
4114,Cash,Success
4115,Card,Success
4116,UPI,Success
4117,Cash,Success
4118,Wallet,Success
4119,Wallet,Success
4120,Wallet,Success
4121,Card,Success
4122,Cash,Success
4123,Card,Success
4124,UPI,Success
4125,Cash,Success
4126,Card,Success
4127,Wallet,Success
4128,Wallet,Success
4129,UPI,Success
4130,UPI,Success
4131,UPI,Success
4132,Wallet,Success
4133,Card,Success
4134,Wallet,Success
4135,Wallet,Success
4136,Wallet,Success
4137,Card,Failed
4138,Wallet,Success
4139,UPI,Success
4140,UPI,Failed
4141,UPI,Success
4142,UPI,Success
4143,Wallet,Success
4144,Wallet,Success
4145,Wallet,Success
4146,UPI,Success
4147,Card,Success
4148,Cash,Success
4149,Cash,Success
4150,Cash,Success
4151,Card,Success
4152,Wallet,Success
4153,Cash,Success
4154,Cash,Failed
4155,Wallet,Success
4156,Cash,Success
4157,Wallet,Success
4158,Cash,Success
4159,Wallet,Success
4160,UPI,Success
4161,Card,Success
4162,Cash,Success
4163,Wallet,Success
4164,UPI,Success
4165,Wallet,Success
4166,Cash,Success
4167,Cash,Success
4168,Cash,Success
4169,Cash,Success
4170,Cash,Success
4171,UPI,Failed
4172,Wallet,Success
4173,Wallet,Success
4174,Cash,Success
4175,Wallet,Success
4176,UPI,Success
4177,Cash,Failed
4178,Card,Success
4179,UPI,Success
4180,Cash,Success
4181,Wallet,Success
4182,UPI,Success
4183,Cash,Success
4184,Wallet,Failed
4185,Wallet,Success
4186,Cash,Failed
4187,UPI,Success
4188,Cash,Failed
4189,Cash,Success
4190,Cash,Success
4191,Cash,Success
4192,Cash,Success
4193,Wallet,Success
4194,Cash,Success
4195,UPI,Success
4196,Card,Success
4197,Cash,Success
4198,UPI,Success
4199,Card,Success
4200,UPI,Success
4201,Wallet,Success
4202,Wallet,Success
4203,Card,Failed
4204,Card,Success
4205,Card,Success
4206,Wallet,Success
4207,Wallet,Success
4208,UPI,Success
4209,Wallet,Success
4210,Card,Success
4211,Cash,Success
4212,Cash,Success
4213,Card,Success
4214,Wallet,Success
4215,Card,Success
4216,Wallet,Success
4217,Cash,Success
4218,UPI,Failed
4219,Wallet,Success
4220,UPI,Failed
4221,Cash,Failed
4222,UPI,Success
4223,UPI,Success
4224,Card,Success
4225,UPI,Success
4226,Cash,Success
4227,Wallet,Success
4228,UPI,Success
4229,Wallet,Success
4230,Card,Success
4231,Cash,Success
4232,Cash,Success
4233,Wallet,Success
4234,Cash,Success
4235,Card,Success
4236,Wallet,Success
4237,Cash,Success
4238,Card,Failed
4239,Card,Success
4240,UPI,Success
4241,Cash,Success
4242,Wallet,Success
4243,UPI,Success
4244,Wallet,Success
4245,UPI,Success
4246,Card,Success
4247,UPI,Failed
4248,UPI,Success
4249,UPI,Success
4250,Cash,Success
4251,UPI,Failed
4252,Card,Success
4253,Wallet,Success
4254,Cash,Success
4255,Card,Success
4256,Cash,Success
4257,Wallet,Success
4258,Wallet,Success
4259,Wallet,Success
4260,Cash,Success
4261,Cash,Success
4262,Wallet,Success
4263,Wallet,Success
4264,Card,Success
4265,Wallet,Success
4266,UPI,Success
4267,Cash,Success
4268,Card,Success
4269,Cash,Success
4270,Wallet,Success
4271,UPI,Success
4272,Wallet,Success
4273,Cash,Success
4274,Card,Success
4275,Cash,Success
4276,Card,Success
4277,UPI,Failed
4278,Wallet,Success
4279,Wallet,Success
4280,UPI,Success
4281,Cash,Success
4282,UPI,Success
4283,Wallet,Success
4284,Card,Success
4285,Wallet,Success
4286,Cash,Success
4287,Card,Success
4288,Cash,Success
4289,Wallet,Success
4290,Wallet,Success
4291,Card,Success
4292,Cash,Success
4293,Card,Success
4294,Card,Success
4295,Cash,Success
4296,Card,Success
4297,UPI,Failed
4298,Card,Success
4299,Wallet,Failed
4300,Cash,Success
4301,Wallet,Success
4302,UPI,Failed
4303,UPI,Success
4304,Card,Success
4305,Wallet,Success
4306,Card,Success
4307,Card,Success
4308,Wallet,Success
4309,UPI,Success
4310,UPI,Success
4311,UPI,Success
4312,Cash,Success
4313,Cash,Failed
4314,Card,Success
4315,Cash,Success
4316,Cash,Success
4317,Wallet,Success
4318,Card,Success
4319,Card,Failed
4320,Wallet,Success
4321,UPI,Success
4322,Wallet,Failed
4323,UPI,Failed
4324,Card,Success
4325,Card,Success
4326,Cash,Success
4327,Cash,Success
4328,Wallet,Success
4329,Cash,Success
4330,Card,Success
4331,Card,Success
4332,UPI,Success
4333,Cash,Failed
4334,UPI,Success
4335,Card,Success
4336,Cash,Success
4337,UPI,Success
4338,Card,Failed
4339,UPI,Success
4340,Cash,Success
4341,UPI,Failed
4342,UPI,Failed
4343,Card,Success
4344,Cash,Success
4345,Wallet,Success
4346,Wallet,Success
4347,UPI,Failed
4348,Card,Success
4349,Cash,Success
4350,Card,Success
4351,Cash,Success
4352,Card,Success
4353,Wallet,Success
4354,Wallet,Success
4355,Wallet,Failed
4356,Card,Success
4357,Card,Success
4358,UPI,Success
4359,Wallet,Success
4360,UPI,Success
4361,Card,Success
4362,Cash,Success
4363,Wallet,Success
4364,Wallet,Success
4365,Wallet,Success
4366,Wallet,Success
4367,Wallet,Success
4368,Card,Success
4369,Wallet,Success
4370,Wallet,Success
4371,UPI,Success
4372,Cash,Success
4373,Wallet,Success
4374,UPI,Success
4375,Card,Success
4376,UPI,Success
4377,Wallet,Success
4378,UPI,Success
4379,UPI,Success
4380,Card,Success
4381,UPI,Success
4382,Card,Failed
4383,Card,Success
4384,UPI,Success
4385,Wallet,Success
4386,Cash,Success
4387,UPI,Success
4388,UPI,Success
4389,UPI,Success
4390,Cash,Success
4391,Cash,Success
4392,Card,Failed
4393,Cash,Success
4394,Cash,Failed
4395,UPI,Success
4396,Card,Success
4397,Wallet,Failed
4398,Card,Success
4399,Cash,Success
4400,Cash,Success
4401,UPI,Success
4402,Wallet,Failed
4403,Wallet,Success
4404,Wallet,Success
4405,Cash,Success
4406,Cash,Success
4407,Card,Success
4408,Cash,Success
4409,Wallet,Success
4410,Wallet,Success
4411,Wallet,Success
4412,UPI,Success
4413,Card,Success
4414,Card,Success
4415,Cash,Success
4416,UPI,Success
4417,Card,Success
4418,UPI,Success
4419,UPI,Success
4420,Cash,Success
4421,UPI,Success
4422,Card,Success
4423,Cash,Success
4424,Card,Failed
4425,UPI,Success
4426,UPI,Failed
4427,Wallet,Success
4428,Cash,Success
4429,Cash,Success
4430,Wallet,Success
4431,Card,Success
4432,Card,Success
4433,UPI,Success
4434,Cash,Success
4435,UPI,Success
4436,Wallet,Success
4437,UPI,Success
4438,Card,Success
4439,Card,Success
4440,Wallet,Success
4441,Card,Failed
4442,Wallet,Success
4443,Cash,Success
4444,Wallet,Success
4445,Wallet,Success
4446,Wallet,Success
4447,Card,Success
4448,Cash,Failed
4449,UPI,Success
4450,Cash,Success
4451,Card,Failed
4452,Cash,Success
4453,Cash,Success
4454,Wallet,Success
4455,Wallet,Success
4456,Card,Success
4457,Wallet,Success
4458,Card,Success
4459,UPI,Success
4460,Cash,Success
4461,UPI,Success
4462,UPI,Success
4463,Cash,Success
4464,Wallet,Failed
4465,UPI,Success
4466,Cash,Success
4467,UPI,Failed
4468,UPI,Success
4469,Cash,Failed
4470,Wallet,Success
4471,Card,Success
4472,Cash,Success
4473,Card,Success
4474,Cash,Success
4475,Cash,Success
4476,Card,Success
4477,Card,Success
4478,Wallet,Success
4479,Cash,Success
4480,Cash,Success
4481,Cash,Failed
4482,Wallet,Success
4483,Card,Success
4484,Cash,Success
4485,Card,Success
4486,Wallet,Success
4487,UPI,Success
4488,Card,Success
4489,Wallet,Success
4490,UPI,Success
4491,Cash,Success
4492,Cash,Success
4493,Card,Success
4494,UPI,Success
4495,Wallet,Success
4496,Cash,Success
4497,Cash,Success
4498,UPI,Success
4499,Wallet,Success
4500,Cash,Success
4501,Cash,Success
4502,Card,Success
4503,Wallet,Success
4504,Cash,Success
4505,UPI,Success
4506,Cash,Success
4507,Wallet,Success
4508,Card,Success
4509,Cash,Success
4510,UPI,Success
4511,Cash,Success
4512,UPI,Success
4513,Wallet,Success
4514,Card,Success
4515,Wallet,Failed
4516,Cash,Success
4517,Cash,Success
4518,Card,Failed
4519,UPI,Success
4520,Wallet,Success
4521,UPI,Success
4522,Cash,Success
4523,UPI,Success
4524,Wallet,Success
4525,UPI,Success
4526,Cash,Success
4527,Wallet,Success
4528,UPI,Success
4529,UPI,Success
4530,Wallet,Success
4531,Cash,Success
4532,Wallet,Success
4533,Cash,Success
4534,UPI,Success
4535,Wallet,Success
4536,Cash,Success
4537,Wallet,Success
4538,UPI,Success
4539,Wallet,Success
4540,UPI,Failed
4541,UPI,Failed
4542,UPI,Success
4543,Cash,Success
4544,Cash,Success
4545,Card,Success
4546,Cash,Success
4547,Card,Success
4548,Wallet,Success
4549,UPI,Success
4550,Cash,Success
4551,UPI,Success
4552,Card,Success
4553,Cash,Success
4554,Cash,Success
4555,Cash,Success
4556,Cash,Failed
4557,UPI,Success
4558,Cash,Success
4559,Card,Success
4560,Cash,Success
4561,Card,Success
4562,Card,Success
4563,UPI,Failed
4564,Cash,Success
4565,Card,Success
4566,Cash,Success
4567,UPI,Success
4568,UPI,Success
4569,Cash,Failed
4570,Card,Success
4571,Wallet,Success
4572,Wallet,Success
4573,UPI,Success
4574,Card,Success
4575,Wallet,Success
4576,Card,Success
4577,Cash,Success
4578,UPI,Success
4579,Cash,Success
4580,Cash,Success
4581,Cash,Success
4582,Card,Success
4583,Wallet,Success
4584,Cash,Success
4585,UPI,Success
4586,Card,Success
4587,Wallet,Success
4588,Cash,Success
4589,UPI,Success
4590,Cash,Success
4591,Wallet,Success
4592,Wallet,Success
4593,Cash,Success
4594,Cash,Success
4595,Card,Success
4596,Wallet,Success
4597,Wallet,Success
4598,Cash,Success
4599,UPI,Success
4600,Cash,Success
4601,Cash,Success
4602,Wallet,Success
4603,Card,Success
4604,Cash,Success
4605,UPI,Success
4606,UPI,Success
4607,Cash,Success
4608,UPI,Success
4609,UPI,Success
4610,Cash,Success
4611,UPI,Success
4612,UPI,Success
4613,Cash,Success
4614,Wallet,Success
4615,Card,Success
4616,Card,Success
4617,Wallet,Success
4618,Cash,Failed
4619,Wallet,Success
4620,Card,Success
4621,Card,Success
4622,Card,Success
4623,Card,Success
4624,Cash,Success
4625,Card,Success
4626,Card,Failed
4627,Cash,Success
4628,Wallet,Failed
4629,Cash,Success
4630,Card,Success
4631,UPI,Failed
4632,Cash,Success
4633,Cash,Success
4634,Wallet,Success
4635,Card,Success
4636,UPI,Failed
4637,Cash,Success
4638,Cash,Success
4639,Cash,Success
4640,UPI,Success
4641,Cash,Success
4642,Cash,Success
4643,UPI,Success
4644,Cash,Success
4645,UPI,Failed
4646,Wallet,Success
4647,UPI,Success
4648,Wallet,Success
4649,UPI,Success
4650,Card,Success
4651,Cash,Success
4652,Wallet,Success
4653,Cash,Success
4654,Cash,Success
4655,UPI,Success
4656,Card,Success
4657,UPI,Success
4658,Cash,Success
4659,UPI,Success
4660,Wallet,Failed
4661,Card,Success
4662,Cash,Success
4663,UPI,Success
4664,Wallet,Success
4665,Card,Success
4666,UPI,Failed
4667,UPI,Success
4668,Cash,Failed
4669,Wallet,Success
4670,Card,Success
4671,UPI,Success
4672,Card,Success
4673,Wallet,Success
4674,Cash,Success
4675,Cash,Success
4676,Cash,Success
4677,Card,Success
4678,Card,Success
4679,UPI,Failed
4680,Wallet,Success
4681,Wallet,Success
4682,Wallet,Success
4683,Card,Success
4684,Cash,Success
4685,Wallet,Success
4686,UPI,Success
4687,Card,Success
4688,Cash,Success
4689,Wallet,Failed
4690,Cash,Success
4691,UPI,Success
4692,Wallet,Failed
4693,Wallet,Success
4694,Cash,Success
4695,Card,Success
4696,Cash,Success
4697,UPI,Success
4698,Cash,Failed
4699,Cash,Success
4700,Wallet,Success
4701,Card,Failed
4702,Card,Failed
4703,Card,Success
4704,Card,Success
4705,Cash,Success
4706,Wallet,Success
4707,Wallet,Success
4708,Card,Success
4709,Cash,Success
4710,Card,Success
4711,Card,Success
4712,Wallet,Success
4713,Wallet,Success
4714,Card,Failed
4715,Cash,Success
4716,Card,Success
4717,Wallet,Failed
4718,Wallet,Success
4719,Cash,Success
4720,Card,Success
4721,Card,Success
4722,UPI,Success
4723,Card,Failed
4724,Cash,Success
4725,Wallet,Success
4726,UPI,Success
4727,Cash,Success
4728,Cash,Success
4729,UPI,Success
4730,Card,Success
4731,UPI,Success
4732,Cash,Success
4733,Card,Failed
4734,Wallet,Success
4735,UPI,Success
4736,Cash,Success
4737,Card,Success
4738,Cash,Success
4739,Card,Success
4740,Card,Failed
4741,UPI,Success
4742,Wallet,Failed
4743,Card,Failed
4744,Cash,Success
4745,Card,Success
4746,Wallet,Success
4747,Cash,Success
4748,Card,Success
4749,Card,Success
4750,UPI,Success
4751,Wallet,Success
4752,Card,Success
4753,Wallet,Success
4754,Card,Success
4755,Cash,Success
4756,Wallet,Success
4757,Cash,Failed
4758,Wallet,Success
4759,Cash,Failed
4760,Card,Success
4761,Cash,Success
4762,Cash,Success
4763,Card,Success
4764,Wallet,Success
4765,Cash,Success
4766,UPI,Failed
4767,UPI,Success
4768,Cash,Failed
4769,Cash,Success
4770,Cash,Failed
4771,Wallet,Success
4772,Card,Success
4773,UPI,Success
4774,UPI,Failed
4775,Wallet,Success
4776,Cash,Success
4777,Cash,Success
4778,Card,Success
4779,Card,Success
4780,UPI,Success
4781,Card,Success
4782,UPI,Success
4783,Wallet,Failed
4784,Cash,Failed
4785,Cash,Success
4786,UPI,Success
4787,Cash,Success
4788,Wallet,Success
4789,Card,Success
4790,Wallet,Success
4791,Cash,Success
4792,Wallet,Success
4793,Cash,Success
4794,UPI,Success
4795,Card,Success
4796,Card,Success
4797,Cash,Success
4798,Cash,Success
4799,Card,Success
4800,Wallet,Success
4801,Wallet,Success
4802,Wallet,Success
4803,Card,Success
4804,UPI,Success
4805,Cash,Success
4806,Cash,Success
4807,Card,Success
4808,UPI,Failed
4809,Card,Success
4810,Wallet,Success
4811,Wallet,Success
4812,Cash,Success
4813,Cash,Success
4814,Cash,Success
4815,Cash,Success
4816,Wallet,Success
4817,Wallet,Success
4818,UPI,Success
4819,Cash,Success
4820,Card,Success
4821,UPI,Success
4822,UPI,Success
4823,Wallet,Success
4824,Cash,Failed
4825,UPI,Success
4826,Cash,Success
4827,Wallet,Success
4828,UPI,Success
4829,UPI,Success
4830,Card,Success
4831,Wallet,Success
4832,Card,Success
4833,Wallet,Success
4834,Card,Success
4835,Wallet,Success
4836,Wallet,Success
4837,UPI,Success
4838,Card,Success
4839,Card,Failed
4840,Card,Failed
4841,UPI,Success
4842,Cash,Success
4843,Wallet,Success
4844,Card,Success
4845,Wallet,Success
4846,UPI,Success
4847,Wallet,Success
4848,UPI,Success
4849,Cash,Success
4850,Card,Success
4851,UPI,Success
4852,Wallet,Success
4853,UPI,Success
4854,UPI,Success
4855,Cash,Success
4856,Card,Success
4857,UPI,Success
4858,UPI,Success
4859,Wallet,Failed
4860,UPI,Success
4861,UPI,Success
4862,Card,Success
4863,Card,Success
4864,Wallet,Success
4865,UPI,Failed
4866,UPI,Success
4867,UPI,Success
4868,Cash,Success
4869,Cash,Success
4870,Wallet,Failed
4871,Cash,Success
4872,Wallet,Success
4873,UPI,Success
4874,Cash,Success
4875,Card,Success
4876,Cash,Success
4877,UPI,Success
4878,Card,Success
4879,Wallet,Success
4880,UPI,Failed
4881,Card,Success
4882,Cash,Success
4883,Wallet,Success
4884,Cash,Success
4885,Card,Success
4886,Card,Success
4887,UPI,Success
4888,Wallet,Success
4889,Wallet,Success
4890,Card,Success
4891,UPI,Success
4892,Card,Success
4893,Card,Success
4894,Wallet,Success
4895,Cash,Success
4896,Cash,Success
4897,Wallet,Success
4898,UPI,Success
4899,Wallet,Success
4900,UPI,Success
4901,Wallet,Success
4902,UPI,Failed
4903,Card,Success
4904,Card,Success
4905,UPI,Success
4906,Wallet,Success
4907,Card,Success
4908,Wallet,Success
4909,Cash,Success
4910,Card,Success
4911,Wallet,Success
4912,Wallet,Failed
4913,Cash,Success
4914,Wallet,Success
4915,UPI,Success
4916,Card,Failed
4917,UPI,Success
4918,Cash,Success
4919,UPI,Success
4920,Wallet,Success
4921,Cash,Success
4922,Cash,Success
4923,UPI,Success
4924,Cash,Success
4925,UPI,Success
4926,UPI,Success
4927,UPI,Success
4928,Cash,Success
4929,Cash,Failed
4930,Card,Success
4931,UPI,Success
4932,UPI,Success
4933,UPI,Success
4934,UPI,Success
4935,UPI,Success
4936,UPI,Success
4937,UPI,Success
4938,Card,Success
4939,Card,Success
4940,Wallet,Success
4941,UPI,Success
4942,UPI,Success
4943,Card,Success
4944,Card,Success
4945,UPI,Success
4946,UPI,Success
4947,Card,Success
4948,Card,Failed
4949,Wallet,Success
4950,Wallet,Success
4951,UPI,Failed
4952,Card,Success
4953,Wallet,Success
4954,UPI,Success
4955,Wallet,Success
4956,Wallet,Success
4957,Wallet,Success
4958,Cash,Success
4959,UPI,Success
4960,Wallet,Success
4961,UPI,Success
4962,UPI,Success
4963,Card,Success
4964,UPI,Success
4965,Wallet,Success
4966,UPI,Success
4967,Card,Success
4968,Cash,Success
4969,Cash,Success
4970,Card,Success
4971,Wallet,Success
4972,Wallet,Success
4973,Wallet,Success
4974,UPI,Success
4975,Cash,Failed
4976,Wallet,Success
4977,Cash,Failed
4978,Card,Success
4979,Cash,Success
4980,Wallet,Success
4981,Cash,Success
4982,Card,Success
4983,Cash,Success
4984,UPI,Success
4985,Card,Success
4986,UPI,Success
4987,UPI,Success
4988,Wallet,Failed
4989,Wallet,Success
4990,Card,Success
4991,Wallet,Success
4992,Cash,Success
4993,Card,Success
4994,Wallet,Success
4995,Wallet,Success
4996,Cash,Success
4997,UPI,Failed
4998,Cash,Success
4999,UPI,Success
5000,Wallet,Success
